timestamp,cpu_util_experiment-advanced-mongo-with-latency-6-node-instance-2,io_read_experiment-advanced-mongo-with-latency-6-node-instance-2,io_write_experiment-advanced-mongo-with-latency-6-node-instance-2,iops_read_experiment-advanced-mongo-with-latency-6-node-instance-2,iops_write_experiment-advanced-mongo-with-latency-6-node-instance-2,mem_buffered_experiment-advanced-mongo-with-latency-6-node-instance-2,mem_cached_experiment-advanced-mongo-with-latency-6-node-instance-2,mem_free_experiment-advanced-mongo-with-latency-6-node-instance-2,mem_slab_experiment-advanced-mongo-with-latency-6-node-instance-2,mem_used_experiment-advanced-mongo-with-latency-6-node-instance-2,mem_perc_buffered_experiment-advanced-mongo-with-latency-6-node-instance-2,mem_perc_cached_experiment-advanced-mongo-with-latency-6-node-instance-2,mem_perc_free_experiment-advanced-mongo-with-latency-6-node-instance-2,mem_perc_slab_experiment-advanced-mongo-with-latency-6-node-instance-2,mem_perc_used_experiment-advanced-mongo-with-latency-6-node-instance-2,cpu_util_experiment-advanced-mongo-with-latency-6-node-instance-6,io_read_experiment-advanced-mongo-with-latency-6-node-instance-6,io_write_experiment-advanced-mongo-with-latency-6-node-instance-6,iops_read_experiment-advanced-mongo-with-latency-6-node-instance-6,iops_write_experiment-advanced-mongo-with-latency-6-node-instance-6,mem_buffered_experiment-advanced-mongo-with-latency-6-node-instance-6,mem_cached_experiment-advanced-mongo-with-latency-6-node-instance-6,mem_free_experiment-advanced-mongo-with-latency-6-node-instance-6,mem_slab_experiment-advanced-mongo-with-latency-6-node-instance-6,mem_used_experiment-advanced-mongo-with-latency-6-node-instance-6,mem_perc_buffered_experiment-advanced-mongo-with-latency-6-node-instance-6,mem_perc_cached_experiment-advanced-mongo-with-latency-6-node-instance-6,mem_perc_free_experiment-advanced-mongo-with-latency-6-node-instance-6,mem_perc_slab_experiment-advanced-mongo-with-latency-6-node-instance-6,mem_perc_used_experiment-advanced-mongo-with-latency-6-node-instance-6,cpu_util_experiment-advanced-mongo-with-latency-6-node-instance-4,io_read_experiment-advanced-mongo-with-latency-6-node-instance-4,io_write_experiment-advanced-mongo-with-latency-6-node-instance-4,iops_read_experiment-advanced-mongo-with-latency-6-node-instance-4,iops_write_experiment-advanced-mongo-with-latency-6-node-instance-4,mem_buffered_experiment-advanced-mongo-with-latency-6-node-instance-4,mem_cached_experiment-advanced-mongo-with-latency-6-node-instance-4,mem_free_experiment-advanced-mongo-with-latency-6-node-instance-4,mem_slab_experiment-advanced-mongo-with-latency-6-node-instance-4,mem_used_experiment-advanced-mongo-with-latency-6-node-instance-4,mem_perc_buffered_experiment-advanced-mongo-with-latency-6-node-instance-4,mem_perc_cached_experiment-advanced-mongo-with-latency-6-node-instance-4,mem_perc_free_experiment-advanced-mongo-with-latency-6-node-instance-4,mem_perc_slab_experiment-advanced-mongo-with-latency-6-node-instance-4,mem_perc_used_experiment-advanced-mongo-with-latency-6-node-instance-4,cpu_util_experiment-advanced-mongo-with-latency-6-node-instance-3,io_read_experiment-advanced-mongo-with-latency-6-node-instance-3,io_write_experiment-advanced-mongo-with-latency-6-node-instance-3,iops_read_experiment-advanced-mongo-with-latency-6-node-instance-3,iops_write_experiment-advanced-mongo-with-latency-6-node-instance-3,mem_buffered_experiment-advanced-mongo-with-latency-6-node-instance-3,mem_cached_experiment-advanced-mongo-with-latency-6-node-instance-3,mem_free_experiment-advanced-mongo-with-latency-6-node-instance-3,mem_slab_experiment-advanced-mongo-with-latency-6-node-instance-3,mem_used_experiment-advanced-mongo-with-latency-6-node-instance-3,mem_perc_buffered_experiment-advanced-mongo-with-latency-6-node-instance-3,mem_perc_cached_experiment-advanced-mongo-with-latency-6-node-instance-3,mem_perc_free_experiment-advanced-mongo-with-latency-6-node-instance-3,mem_perc_slab_experiment-advanced-mongo-with-latency-6-node-instance-3,mem_perc_used_experiment-advanced-mongo-with-latency-6-node-instance-3,cpu_util_experiment-advanced-mongo-with-latency-6-node-instance-1,io_read_experiment-advanced-mongo-with-latency-6-node-instance-1,io_write_experiment-advanced-mongo-with-latency-6-node-instance-1,iops_read_experiment-advanced-mongo-with-latency-6-node-instance-1,iops_write_experiment-advanced-mongo-with-latency-6-node-instance-1,mem_buffered_experiment-advanced-mongo-with-latency-6-node-instance-1,mem_cached_experiment-advanced-mongo-with-latency-6-node-instance-1,mem_free_experiment-advanced-mongo-with-latency-6-node-instance-1,mem_slab_experiment-advanced-mongo-with-latency-6-node-instance-1,mem_used_experiment-advanced-mongo-with-latency-6-node-instance-1,mem_perc_buffered_experiment-advanced-mongo-with-latency-6-node-instance-1,mem_perc_cached_experiment-advanced-mongo-with-latency-6-node-instance-1,mem_perc_free_experiment-advanced-mongo-with-latency-6-node-instance-1,mem_perc_slab_experiment-advanced-mongo-with-latency-6-node-instance-1,mem_perc_used_experiment-advanced-mongo-with-latency-6-node-instance-1,cpu_util_experiment-advanced-mongo-with-latency-6-node-instance-5,io_read_experiment-advanced-mongo-with-latency-6-node-instance-5,io_write_experiment-advanced-mongo-with-latency-6-node-instance-5,iops_read_experiment-advanced-mongo-with-latency-6-node-instance-5,iops_write_experiment-advanced-mongo-with-latency-6-node-instance-5,mem_buffered_experiment-advanced-mongo-with-latency-6-node-instance-5,mem_cached_experiment-advanced-mongo-with-latency-6-node-instance-5,mem_free_experiment-advanced-mongo-with-latency-6-node-instance-5,mem_slab_experiment-advanced-mongo-with-latency-6-node-instance-5,mem_used_experiment-advanced-mongo-with-latency-6-node-instance-5,mem_perc_buffered_experiment-advanced-mongo-with-latency-6-node-instance-5,mem_perc_cached_experiment-advanced-mongo-with-latency-6-node-instance-5,mem_perc_free_experiment-advanced-mongo-with-latency-6-node-instance-5,mem_perc_slab_experiment-advanced-mongo-with-latency-6-node-instance-5,mem_perc_used_experiment-advanced-mongo-with-latency-6-node-instance-5,cpu_util_experiment-advanced-mongo-with-latency-6-central-config-server,io_read_experiment-advanced-mongo-with-latency-6-central-config-server,io_write_experiment-advanced-mongo-with-latency-6-central-config-server,iops_read_experiment-advanced-mongo-with-latency-6-central-config-server,iops_write_experiment-advanced-mongo-with-latency-6-central-config-server,mem_buffered_experiment-advanced-mongo-with-latency-6-central-config-server,mem_cached_experiment-advanced-mongo-with-latency-6-central-config-server,mem_free_experiment-advanced-mongo-with-latency-6-central-config-server,mem_slab_experiment-advanced-mongo-with-latency-6-central-config-server,mem_used_experiment-advanced-mongo-with-latency-6-central-config-server,mem_perc_buffered_experiment-advanced-mongo-with-latency-6-central-config-server,mem_perc_cached_experiment-advanced-mongo-with-latency-6-central-config-server,mem_perc_free_experiment-advanced-mongo-with-latency-6-central-config-server,mem_perc_slab_experiment-advanced-mongo-with-latency-6-central-config-server,mem_perc_used_experiment-advanced-mongo-with-latency-6-central-config-server,cpu_util_experiment-advanced-mongo-with-latency-6-central-server,io_read_experiment-advanced-mongo-with-latency-6-central-server,io_write_experiment-advanced-mongo-with-latency-6-central-server,iops_read_experiment-advanced-mongo-with-latency-6-central-server,iops_write_experiment-advanced-mongo-with-latency-6-central-server,mem_buffered_experiment-advanced-mongo-with-latency-6-central-server,mem_cached_experiment-advanced-mongo-with-latency-6-central-server,mem_free_experiment-advanced-mongo-with-latency-6-central-server,mem_slab_experiment-advanced-mongo-with-latency-6-central-server,mem_used_experiment-advanced-mongo-with-latency-6-central-server,mem_perc_buffered_experiment-advanced-mongo-with-latency-6-central-server,mem_perc_cached_experiment-advanced-mongo-with-latency-6-central-server,mem_perc_free_experiment-advanced-mongo-with-latency-6-central-server,mem_perc_slab_experiment-advanced-mongo-with-latency-6-central-server,mem_perc_used_experiment-advanced-mongo-with-latency-6-central-server,cpu_util_experiment-advanced-mongo-with-latency-6-client-instance,io_read_experiment-advanced-mongo-with-latency-6-client-instance,io_write_experiment-advanced-mongo-with-latency-6-client-instance,iops_read_experiment-advanced-mongo-with-latency-6-client-instance,iops_write_experiment-advanced-mongo-with-latency-6-client-instance,mem_buffered_experiment-advanced-mongo-with-latency-6-client-instance,mem_cached_experiment-advanced-mongo-with-latency-6-client-instance,mem_free_experiment-advanced-mongo-with-latency-6-client-instance,mem_slab_experiment-advanced-mongo-with-latency-6-client-instance,mem_used_experiment-advanced-mongo-with-latency-6-client-instance,mem_perc_buffered_experiment-advanced-mongo-with-latency-6-client-instance,mem_perc_cached_experiment-advanced-mongo-with-latency-6-client-instance,mem_perc_free_experiment-advanced-mongo-with-latency-6-client-instance,mem_perc_slab_experiment-advanced-mongo-with-latency-6-client-instance,mem_perc_used_experiment-advanced-mongo-with-latency-6-client-instance,cpu_util_experiment-advanced-mongo-with-latency-6-test-orchestrator,io_read_experiment-advanced-mongo-with-latency-6-test-orchestrator,io_write_experiment-advanced-mongo-with-latency-6-test-orchestrator,iops_read_experiment-advanced-mongo-with-latency-6-test-orchestrator,iops_write_experiment-advanced-mongo-with-latency-6-test-orchestrator,mem_buffered_experiment-advanced-mongo-with-latency-6-test-orchestrator,mem_cached_experiment-advanced-mongo-with-latency-6-test-orchestrator,mem_free_experiment-advanced-mongo-with-latency-6-test-orchestrator,mem_slab_experiment-advanced-mongo-with-latency-6-test-orchestrator,mem_used_experiment-advanced-mongo-with-latency-6-test-orchestrator,mem_perc_buffered_experiment-advanced-mongo-with-latency-6-test-orchestrator,mem_perc_cached_experiment-advanced-mongo-with-latency-6-test-orchestrator,mem_perc_free_experiment-advanced-mongo-with-latency-6-test-orchestrator,mem_perc_slab_experiment-advanced-mongo-with-latency-6-test-orchestrator,mem_perc_used_experiment-advanced-mongo-with-latency-6-test-orchestrator
2021-09-29 22:39:00,0.02065274165668806,0.0,0.0,0.0,0.0,51724288.0,1605742592.0,1812283392.0,121032704.0,264531968.0,1.341636,41.650102,47.007402,3.139373,6.861488,0.01410725948440709,0.0,0.0,0.0,0.0,51023872.0,1605111808.0,1816256512.0,121180160.0,261742592.0,1.323468,41.63374,47.110458,3.143197,6.789136,0.014549474484978949,0.0,0.0,0.0,0.0,51245056.0,1602732032.0,1816530944.0,121278464.0,263528448.0,1.329205,41.572013,47.117576,3.145747,6.835458,0.018519006065650954,0.0,0.0,0.0,0.0,51400704.0,1604231168.0,1811636224.0,121618432.0,266428416.0,1.333243,41.610898,46.990616,3.154565,6.910678,0.023884420068449687,0.0,0.0,0.0,0.0,55734272.0,1612881920.0,1799553024.0,122187776.0,264966144.0,1.445645,41.835194,46.6771,3.169326,6.872735,0.016259895870359743,0.0,0.0,0.0,0.0,51310592.0,1605443584.0,1811705856.0,121319424.0,265535488.0,1.330905,41.642346,46.992422,3.14681,6.887517,0.020642089423391498,0.0,0.0,0.0,0.0,55021568.0,1588637696.0,1857482752.0,120340480.0,233832448.0,1.427161,41.206431,48.179793,3.121418,6.065197,0.006777502361956541,0.0,0.0,0.0,0.0,45285376.0,1592651776.0,1890902016.0,120098816.0,206385152.0,1.174619,41.310461,49.046525,3.115143,5.353252,0.002374755814894532,0.0,0.0,0.0,0.0,43102208.0,1587253248.0,1981239296.0,118743040.0,124977152.0,1.117994,41.170521,51.389817,3.079983,3.241685,0.0023908053633216277,0.0,0.0,0.0,0.0,31084544.0,652066816.0,2964402176.0,76394496.0,131366912.0,0.806278,16.913451,76.89131,1.981537,3.407424
2021-09-29 22:38:00,0.020282757200142023,0.0,0.0,0.0,0.0,51625984.0,1605709824.0,1812025344.0,121061376.0,264892416.0,1.339086,41.649252,47.000709,3.140116,6.870837,0.01411763567028809,0.0,0.0,0.0,0.0,50946048.0,1605070848.0,1815224320.0,121176064.0,262897664.0,1.32145,41.632678,47.083684,3.143091,6.819097,0.014912500576049106,0.0,0.0,0.0,0.0,51154944.0,1602666496.0,1816563712.0,121278464.0,263651328.0,1.326868,41.570313,47.118426,3.145747,6.838646,0.0174278650247435,0.0,0.0,0.0,0.0,51310592.0,1604198400.0,1811636224.0,121614336.0,266555392.0,1.330905,41.610048,46.990616,3.154459,6.913972,0.020837447464960707,0.0,0.0,0.0,0.0,55521280.0,1612726272.0,1799843840.0,122171392.0,265060352.0,1.44012,41.831157,46.684643,3.168901,6.875179,0.016270879723033243,0.0,0.0,0.0,0.0,51212288.0,1605410816.0,1812738048.0,121315328.0,264638464.0,1.328355,41.641496,47.019195,3.146703,6.86425,0.01944024050103555,0.0,0.0,0.0,0.0,54808576.0,1588510720.0,1858322432.0,120336384.0,233336832.0,1.421637,41.203138,48.201573,3.121311,6.052342,0.0068581624897926,0.0,0.0,0.0,0.0,45240320.0,1592647680.0,1890902016.0,120094720.0,206438400.0,1.173451,41.310355,49.046525,3.115036,5.354633,0.002372524618406639,0.0,0.0,0.0,0.0,43102208.0,1587253248.0,1981206528.0,118743040.0,125009920.0,1.117994,41.170521,51.388967,3.079983,3.242535,0.0027310764564333566,0.0,0.0,0.0,0.0,31084544.0,652066816.0,2963947520.0,76394496.0,131821568.0,0.806278,16.913451,76.879517,1.981537,3.419217
2021-09-29 22:37:00,0.021321289714902037,0.0,0.0,0.0,0.0,51535872.0,1605672960.0,1812058112.0,121032704.0,265015296.0,1.336749,41.648295,47.001559,3.139373,6.874025,0.014489118879531778,0.0,0.0,0.0,0.0,50810880.0,1605054464.0,1814966272.0,121208832.0,263274496.0,1.317944,41.632253,47.076991,3.143941,6.828871,0.01554545112306632,0.0,0.0,0.0,0.0,51064832.0,1602646016.0,1816498176.0,121274368.0,263831552.0,1.324531,41.569782,47.116726,3.145641,6.84332,0.018268507875016365,0.0,0.0,0.0,0.0,51195904.0,1604153344.0,1811861504.0,121626624.0,266477568.0,1.327931,41.608879,46.996459,3.154778,6.911953,0.02083224599075303,0.0,0.0,0.0,0.0,55316480.0,1612578816.0,1800228864.0,122167296.0,265031680.0,1.434808,41.827332,46.69463,3.168795,6.874435,0.016386637473977807,0.0,0.0,0.0,0.0,51130368.0,1605361664.0,1811415040.0,121311232.0,266096640.0,1.326231,41.640221,46.984878,3.146597,6.902073,0.01960121837595731,0.0,0.0,0.0,0.0,54644736.0,1588367360.0,1858224128.0,120340480.0,233738240.0,1.417387,41.199419,48.199023,3.121418,6.062753,0.006682265005878207,0.0,0.0,0.0,0.0,45203456.0,1592643584.0,1890869248.0,120094720.0,206512128.0,1.172495,41.310249,49.045675,3.115036,5.356545,0.0022112328864684135,0.0,0.0,0.0,0.0,43102208.0,1587253248.0,1981239296.0,118743040.0,124977152.0,1.117994,41.170521,51.389817,3.079983,3.241685,0.0028873481717454296,0.0,0.0,0.0,0.0,31076352.0,652066816.0,2963685376.0,76394496.0,132091904.0,0.806065,16.913451,76.872718,1.981537,3.426229
2021-09-29 22:36:00,0.020064452498657678,0.0,0.0,0.0,0.0,51458048.0,1605644288.0,1812025344.0,121040896.0,265146368.0,1.33473,41.647552,47.000709,3.139585,6.877424,0.0144563602015585,0.0,0.0,0.0,0.0,50733056.0,1605021696.0,1815449600.0,121204736.0,262905856.0,1.315925,41.631403,47.089528,3.143835,6.819309,0.015835871443245726,0.0,0.0,0.0,0.0,50974720.0,1602596864.0,1816272896.0,121270272.0,264200192.0,1.322193,41.568507,47.110883,3.145535,6.852882,0.018476601418040653,0.0,0.0,0.0,0.0,51105792.0,1604091904.0,1812185088.0,121602048.0,266330112.0,1.325593,41.607286,47.004852,3.15414,6.908129,0.023401247669415662,0.0,0.0,0.0,0.0,55095296.0,1612435456.0,1798422528.0,122183680.0,267186176.0,1.429071,41.823614,46.647777,3.16922,6.930319,0.017064713471080496,0.0,0.0,0.0,0.0,51011584.0,1605328896.0,1811640320.0,121311232.0,266022912.0,1.32315,41.639371,46.990722,3.146597,6.90016,0.020636088840382646,0.0,0.0,0.0,0.0,54427648.0,1588244480.0,1858985984.0,120336384.0,233320448.0,1.411756,41.196232,48.218784,3.121311,6.051917,0.006775786083918925,0.0,0.0,0.0,0.0,45166592.0,1592635392.0,1891061760.0,120094720.0,206364672.0,1.171538,41.310036,49.050668,3.115036,5.352721,0.002307477714403679,0.0,0.0,0.0,0.0,43102208.0,1587253248.0,1981206528.0,118743040.0,125009920.0,1.117994,41.170521,51.388967,3.079983,3.242535,0.002815182543748544,0.0,0.0,0.0,0.0,31076352.0,652066816.0,2963812352.0,76394496.0,131964928.0,0.806065,16.913451,76.876011,1.981537,3.422935
2021-09-29 22:35:00,0.020926972826553463,0.0,0.0,0.0,0.0,51331072.0,1605586944.0,1812025344.0,121024512.0,265347072.0,1.331437,41.646064,47.000709,3.13916,6.88263,0.014454711854291228,0.0,0.0,0.0,0.0,50597888.0,1604968448.0,1814900736.0,121204736.0,263643136.0,1.312419,41.630022,47.075291,3.143835,6.838433,0.014615325341705917,0.0,0.0,0.0,0.0,50847744.0,1602564096.0,1816338432.0,121270272.0,264294400.0,1.3189,41.567657,47.112582,3.145535,6.855326,0.01861710529095338,0.0,0.0,0.0,0.0,51019776.0,1604050944.0,1812086784.0,121626624.0,266530816.0,1.323362,41.606223,47.002302,3.154778,6.913334,0.023875519767254143,0.0,0.0,0.0,0.0,54927360.0,1612283904.0,1798615040.0,122216448.0,267280384.0,1.424715,41.819683,46.65277,3.17007,6.932762,0.016714287908821273,0.0,0.0,0.0,0.0,50905088.0,1605275648.0,1811189760.0,121311232.0,266633216.0,1.320387,41.63799,46.979035,3.146597,6.915991,0.021698227584053598,0.0,0.0,0.0,0.0,54263808.0,1588080640.0,1858256896.0,120356864.0,234356736.0,1.407506,41.191982,48.199873,3.121843,6.078796,0.007645376739147973,0.0,0.0,0.0,0.0,45109248.0,1592537088.0,1890897920.0,120098816.0,206680064.0,1.170051,41.307487,49.046419,3.115143,5.360901,0.0029040448502523,0.0,0.0,0.0,0.0,43094016.0,1587253248.0,1981239296.0,118743040.0,124985344.0,1.117782,41.170521,51.389817,3.079983,3.241897,0.0027782829156492994,0.0,0.0,0.0,0.0,31076352.0,652066816.0,2963517440.0,76394496.0,132259840.0,0.806065,16.913451,76.868362,1.981537,3.430585
2021-09-29 22:34:00,0.021496021662748888,0.0,0.0,0.0,0.0,51212288.0,1605541888.0,1809887232.0,121069568.0,267603968.0,1.328355,41.644896,46.94525,3.140329,6.94117,0.014461022181807929,0.0,0.0,0.0,0.0,50442240.0,1604902912.0,1812860928.0,121257984.0,265850880.0,1.308382,41.628322,47.022382,3.145216,6.895698,0.016135075442583493,0.0,0.0,0.0,0.0,50728960.0,1602494464.0,1813651456.0,121270272.0,267169792.0,1.315819,41.565851,47.042887,3.145535,6.929908,0.018300661022184764,0.0,0.0,0.0,0.0,50888704.0,1603985408.0,1810055168.0,121651200.0,268734464.0,1.319962,41.604523,46.949606,3.155415,6.970493,0.02365715265104882,0.0,0.0,0.0,0.0,54747136.0,1612140544.0,1796800512.0,122228736.0,269406208.0,1.42004,41.815964,46.605705,3.170389,6.987902,0.016700737610857174,0.0,0.0,0.0,0.0,50753536.0,1605234688.0,1808793600.0,121352192.0,269180928.0,1.316456,41.636927,46.916883,3.14766,6.982074,0.02360018725446859,0.0,0.0,0.0,0.0,54095872.0,1587970048.0,1857417216.0,120414208.0,235417600.0,1.403151,41.189113,48.178093,3.12333,6.106313,0.011235726491307692,0.0,0.0,0.0,0.0,45051904.0,1592541184.0,1888874496.0,120111104.0,208744448.0,1.168564,41.307593,48.993935,3.115461,5.414448,0.008467926581936543,0.0,0.0,0.0,0.0,43077632.0,1587257344.0,1978843136.0,118775808.0,127361024.0,1.117357,41.170627,51.327665,3.080833,3.303518,0.00910668450338458,0.0,0.0,0.0,0.0,31051776.0,652070912.0,2960748544.0,76431360.0,135012352.0,0.805428,16.913558,76.796542,1.982493,3.50198
2021-09-29 22:33:00,0.050417028821324074,0.0,0.0,0.0,0.0,51089408.0,1605517312.0,1809694720.0,121081856.0,267931648.0,1.325168,41.644258,46.940256,3.140648,6.94967,0.06535194690502284,0.0,0.0,0.0,0.0,50270208.0,1604915200.0,1812860928.0,121278464.0,265990144.0,1.30392,41.628641,47.022382,3.145747,6.89931,0.022013057541681272,0.0,0.0,0.0,0.0,50556928.0,1602510848.0,1813716992.0,121286656.0,267243520.0,1.311357,41.566276,47.044587,3.14596,6.931821,0.01888354069710658,0.0,0.0,0.0,0.0,50757632.0,1603956736.0,1810022400.0,121700352.0,268877824.0,1.316563,41.60378,46.948756,3.15669,6.974212,0.040096230518341255,0.0,0.0,0.0,0.0,54624256.0,1611976704.0,1796542464.0,122253312.0,269926400.0,1.416853,41.811715,46.599011,3.171026,7.001395,0.048341493000891946,0.0,0.0,0.0,0.0,50630656.0,1605246976.0,1808793600.0,121348096.0,269295616.0,1.313269,41.637246,46.916883,3.147553,6.985048,0.03997778948020851,0.0,0.0,0.0,0.0,53952512.0,1587818496.0,1857740800.0,120418304.0,235384832.0,1.399432,41.185183,48.186486,3.123436,6.105463,0.06742042872884706,0.0,0.0,0.0,0.0,45006848.0,1592537088.0,1888874496.0,120098816.0,208805888.0,1.167395,41.307487,48.993935,3.115143,5.416041,0.06585753392921372,0.0,0.0,0.0,0.0,43077632.0,1587257344.0,1978843136.0,118775808.0,127361024.0,1.117357,41.170627,51.327665,3.080833,3.303518,0.04599303819635262,0.0,0.0,0.0,0.0,31051776.0,652070912.0,2960551936.0,76431360.0,135208960.0,0.805428,16.913558,76.791442,1.982493,3.507079
2021-09-29 22:32:00,0.0864367999848568,0.0,0.0,0.0,0.0,50925568.0,1605472256.0,1809371136.0,121061376.0,268484608.0,1.320918,41.64309,46.931863,3.140116,6.964012,0.026668292187058757,0.0,0.0,0.0,0.0,50167808.0,1604861952.0,1812312064.0,121225216.0,266747904.0,1.301264,41.627259,47.008146,3.144366,6.918965,0.07141655410560949,0.0,0.0,0.0,0.0,50446336.0,1602465792.0,1813942272.0,121249792.0,267210752.0,1.308488,41.565107,47.05043,3.145004,6.930971,0.08892675123507464,0.0,0.0,0.0,0.0,50626560.0,1603923968.0,1810280448.0,121671680.0,268812288.0,1.313163,41.60293,46.955449,3.155947,6.972512,0.09419814593085883,0.0,0.0,0.0,0.0,54456320.0,1611837440.0,1796800512.0,122212352.0,270016512.0,1.412497,41.808102,46.605705,3.169964,7.003732,0.054069620696171224,0.0,0.0,0.0,0.0,50499584.0,1605197824.0,1809051648.0,121331712.0,269234176.0,1.309869,41.635971,46.923576,3.147128,6.983455,0.06588285258525464,0.0,0.0,0.0,0.0,53764096.0,1587683328.0,1858449408.0,120406016.0,235012096.0,1.394545,41.181676,48.204866,3.123118,6.095795,0.00688092048966998,0.0,0.0,0.0,0.0,44965888.0,1592532992.0,1888808960.0,120139776.0,208875520.0,1.166333,41.30738,48.992235,3.116205,5.417847,0.0020144766085365973,0.0,0.0,0.0,0.0,43077632.0,1587257344.0,1978843136.0,118775808.0,127361024.0,1.117357,41.170627,51.327665,3.080833,3.303518,0.002678002261845336,0.0,0.0,0.0,0.0,31051776.0,652070912.0,2960646144.0,76431360.0,135114752.0,0.805428,16.913558,76.793886,1.982493,3.504636
2021-09-29 22:31:00,0.028451768037563833,0.0,0.0,0.0,0.0,50761728.0,1605423104.0,1809403904.0,121102336.0,268623872.0,1.316669,41.641815,46.932713,3.141179,6.967625,0.014018208775535375,0.0,0.0,0.0,0.0,50061312.0,1604849664.0,1812340736.0,121262080.0,266801152.0,1.298501,41.626941,47.008889,3.145322,6.920346,0.015016758312663114,0.0,0.0,0.0,0.0,50319360.0,1602416640.0,1813712896.0,121278464.0,267587584.0,1.305195,41.563832,47.044481,3.145747,6.940745,0.02303881867068469,0.0,0.0,0.0,0.0,50515968.0,1603874816.0,1809502208.0,121696256.0,269725696.0,1.310294,41.601655,46.935263,3.156584,6.996204,0.02593964467769941,0.0,0.0,0.0,0.0,54317056.0,1611681792.0,1796603904.0,122232832.0,270487552.0,1.408885,41.804065,46.600605,3.170495,7.01595,0.0173564321595497,0.0,0.0,0.0,0.0,50393088.0,1605173248.0,1808273408.0,121372672.0,270102528.0,1.307107,41.635334,46.90339,3.148191,7.005978,0.02075303847171644,0.0,0.0,0.0,0.0,53592064.0,1587544064.0,1858768896.0,120426496.0,234983424.0,1.390083,41.178064,48.213153,3.123649,6.095051,0.007002688677072418,0.0,0.0,0.0,0.0,44924928.0,1592516608.0,1889062912.0,120139776.0,208678912.0,1.16527,41.306955,48.998822,3.116205,5.412748,0.00244142080328326,0.0,0.0,0.0,0.0,43077632.0,1587257344.0,1978875904.0,118775808.0,127328256.0,1.117357,41.170627,51.328515,3.080833,3.302668,0.051773266926711865,0.0,0.0,0.0,0.0,31051776.0,652070912.0,2960416768.0,76431360.0,135344128.0,0.805428,16.913558,76.787936,1.982493,3.510586
2021-09-29 22:30:00,0.02180107652752762,0.0,0.0,0.0,0.0,50626560.0,1605386240.0,1809629184.0,121049088.0,268623872.0,1.313163,41.640858,46.938557,3.139798,6.967625,0.014962678348520815,0.0,0.0,0.0,0.0,49975296.0,1604820992.0,1812566016.0,121217024.0,266735616.0,1.29627,41.626197,47.014733,3.144154,6.918647,0.01754494752470966,0.0,0.0,0.0,0.0,50216960.0,1602363392.0,1813970944.0,121241600.0,267522048.0,1.302538,41.562451,47.051174,3.144791,6.939045,0.01732042961745795,0.0,0.0,0.0,0.0,50409472.0,1603829760.0,1809534976.0,121667584.0,269873152.0,1.307532,41.600486,46.936113,3.15584,7.000029,0.026295259660078802,0.0,0.0,0.0,0.0,54149120.0,1611534336.0,1796595712.0,122200064.0,270843904.0,1.404529,41.80024,46.600392,3.169645,7.025193,0.017656359505900335,0.0,0.0,0.0,0.0,50298880.0,1605132288.0,1808498688.0,121348096.0,270036992.0,1.304663,41.634271,46.909233,3.147553,7.004278,0.020977479501275317,0.0,0.0,0.0,0.0,53362688.0,1587036160.0,1860075520.0,120303616.0,234536960.0,1.384133,41.16489,48.247045,3.120461,6.083471,0.008103112378483483,0.0,0.0,0.0,0.0,44871680.0,1592512512.0,1889316864.0,120131584.0,208490496.0,1.163889,41.306849,49.005409,3.115993,5.40786,0.0038720329990979963,0.0,0.0,0.0,0.0,43061248.0,1587257344.0,1978843136.0,118763520.0,127389696.0,1.116932,41.170627,51.327665,3.080514,3.304262,0.3910887700771298,0.0,0.0,0.0,0.0,31039488.0,652070912.0,2960220160.0,76439552.0,135544832.0,0.805109,16.913558,76.782836,1.982706,3.515791
2021-09-29 22:29:00,0.0449419701475468,0.0,0.0,0.0,0.0,50495488.0,1605304320.0,1812291584.0,121040896.0,266182656.0,1.309763,41.638734,47.007614,3.139585,6.904304,0.0286676295173649,0.0,0.0,0.0,0.0,49823744.0,1604739072.0,1814188032.0,121147392.0,265416704.0,1.292339,41.624072,47.056805,3.142347,6.884436,0.03142787174461101,0.0,0.0,0.0,0.0,50044928.0,1602301952.0,1816600576.0,121200640.0,265166848.0,1.298076,41.560858,47.119382,3.143729,6.877956,0.03757784509824707,0.0,0.0,0.0,0.0,50290688.0,1603764224.0,1812123648.0,121655296.0,267481088.0,1.304451,41.598786,47.003258,3.155522,6.937983,0.03158783303502825,0.0,0.0,0.0,0.0,53977088.0,1611382784.0,1799311360.0,122155008.0,268496896.0,1.400067,41.796309,46.670831,3.168477,6.964316,0.025495360766503456,0.0,0.0,0.0,0.0,50171904.0,1605066752.0,1810903040.0,121311232.0,267862016.0,1.30137,41.632572,46.971598,3.146597,6.947863,0.0214952393484405,0.0,0.0,0.0,0.0,53194752.0,1586761728.0,1862742016.0,120098816.0,232517632.0,1.379777,41.157772,48.316209,3.115149,6.031093,0.02262599023294361,0.0,0.0,0.0,0.0,44810240.0,1592373248.0,1891561472.0,120119296.0,206458880.0,1.162295,41.303237,49.06363,3.115674,5.355164,0.017986412537899808,0.0,0.0,0.0,0.0,43024384.0,1587249152.0,1981431808.0,118759424.0,124850176.0,1.115976,41.170415,51.39481,3.080408,3.238391,0.44839013419376905,0.0,0.0,0.0,0.0,31002624.0,652058624.0,2960547840.0,76533760.0,135172096.0,0.804153,16.913239,76.791336,1.985149,3.506123
2021-09-29 22:28:00,0.023409732151363015,0.0,0.0,0.0,0.0,50368512.0,1605279744.0,1812033536.0,121024512.0,266608640.0,1.306469,41.638096,47.000921,3.13916,6.915353,0.01802693792030586,0.0,0.0,0.0,0.0,49713152.0,1604702208.0,1814478848.0,121147392.0,265273344.0,1.289471,41.623116,47.064348,3.142347,6.880718,0.01669731600439519,0.0,0.0,0.0,0.0,49950720.0,1602248704.0,1817010176.0,121200640.0,264904704.0,1.295633,41.559476,47.130006,3.143729,6.871156,0.019319879010604286,0.0,0.0,0.0,0.0,50188288.0,1603739648.0,1811349504.0,121643008.0,268394496.0,1.301795,41.598149,46.983179,3.155203,6.961675,0.04140181957923564,0.0,0.0,0.0,0.0,53800960.0,1611202560.0,1799602176.0,122146816.0,268570624.0,1.395498,41.791635,46.678375,3.168264,6.966229,0.02633583818202775,0.0,0.0,0.0,0.0,50044928.0,1605025792.0,1811709952.0,121311232.0,267223040.0,1.298076,41.631509,46.992528,3.146597,6.93129,0.020666170155220223,0.0,0.0,0.0,0.0,52998144.0,1586622464.0,1863032832.0,120086528.0,232574976.0,1.374677,41.15416,48.323752,3.114831,6.03258,0.007224517041532863,0.0,0.0,0.0,0.0,44761088.0,1592365056.0,1891561472.0,120119296.0,206516224.0,1.16102,41.303024,49.06363,3.115674,5.356651,0.0033036236940603204,0.0,0.0,0.0,0.0,43024384.0,1587249152.0,1981464576.0,118759424.0,124817408.0,1.115976,41.170415,51.39566,3.080408,3.237541,0.006873515863473993,0.0,0.0,0.0,0.0,30994432.0,652066816.0,2960416768.0,76533760.0,135303168.0,0.80394,16.913451,76.787936,1.985149,3.509523
2021-09-29 22:27:00,0.022603017629020408,0.0,0.0,0.0,0.0,50245632.0,1605246976.0,1812193280.0,121032704.0,266596352.0,1.303282,41.637246,47.005065,3.139373,6.915034,0.014177889505981037,0.0,0.0,0.0,0.0,49606656.0,1604636672.0,1814155264.0,121147392.0,265768960.0,1.286708,41.621416,47.055955,3.142347,6.893573,0.01562850674493461,0.0,0.0,0.0,0.0,49811456.0,1602183168.0,1816911872.0,121192448.0,265216000.0,1.29202,41.557777,47.127456,3.143516,6.87923,0.018884110680591468,0.0,0.0,0.0,0.0,50057216.0,1603690496.0,1812156416.0,121638912.0,267771904.0,1.298395,41.596874,47.004108,3.155097,6.945526,0.025781903659113443,0.0,0.0,0.0,0.0,53657600.0,1611046912.0,1799630848.0,122130432.0,268857344.0,1.39178,41.787597,46.679118,3.167839,6.973666,0.01685047322471244,0.0,0.0,0.0,0.0,49926144.0,1604943872.0,1811677184.0,121298944.0,267468800.0,1.294995,41.629384,46.991678,3.146278,6.937664,0.020201615035469918,0.0,0.0,0.0,0.0,52830208.0,1586499584.0,1864097792.0,120102912.0,231784448.0,1.370321,41.150972,48.351375,3.115256,6.012076,0.007676958194885231,0.0,0.0,0.0,0.0,44711936.0,1592356864.0,1891557376.0,120123392.0,206573568.0,1.159745,41.302812,49.063524,3.11578,5.358139,0.009893423459833647,0.0,0.0,0.0,0.0,43024384.0,1587249152.0,1981399040.0,118775808.0,124866560.0,1.115976,41.170415,51.393961,3.080833,3.238816,0.0037892056506438603,0.0,0.0,0.0,0.0,30986240.0,652066816.0,2960187392.0,76537856.0,135536640.0,0.803728,16.913451,76.781986,1.985256,3.515579
2021-09-29 22:26:00,0.024023670999194734,0.0,0.0,0.0,0.0,50151424.0,1605197824.0,1812258816.0,121032704.0,266674176.0,1.300839,41.635971,47.006764,3.139373,6.917053,0.022127680219527216,0.0,0.0,0.0,0.0,49479680.0,1604128768.0,1808322560.0,121335808.0,272048128.0,1.283415,41.608242,46.904665,3.147235,7.056444,0.01753505637129867,0.0,0.0,0.0,0.0,49692672.0,1602002944.0,1813581824.0,121298944.0,268738560.0,1.288939,41.553102,47.041081,3.146278,6.970599,0.020512804380536428,0.0,0.0,0.0,0.0,49958912.0,1603641344.0,1811648512.0,121606144.0,268460032.0,1.295845,41.595599,46.990934,3.154247,6.963375,0.029570343643407663,0.0,0.0,0.0,0.0,53518336.0,1610854400.0,1800212480.0,122122240.0,268615680.0,1.388167,41.782604,46.694205,3.167627,6.967397,0.025726828387395054,0.0,0.0,0.0,0.0,49827840.0,1604759552.0,1807921152.0,121458688.0,271347712.0,1.292445,41.624603,46.894253,3.150422,7.038276,0.01893948110157974,0.0,0.0,0.0,0.0,52637696.0,1586339840.0,1864323072.0,120090624.0,231923712.0,1.365328,41.146829,48.357219,3.114937,6.015688,0.007606807816548647,0.0,0.0,0.0,0.0,44634112.0,1592217600.0,1887690752.0,120262656.0,210518016.0,1.157727,41.2992,48.96323,3.119392,5.460451,0.01833290135369244,0.0,0.0,0.0,0.0,43008000.0,1587245056.0,1977253888.0,118841344.0,128966656.0,1.115551,41.170308,51.286443,3.082533,3.345165,0.005623820216367884,0.0,0.0,0.0,0.0,29712384.0,627384320.0,2961960960.0,72691712.0,163565568.0,0.770686,16.273231,76.827989,1.885493,4.242599
2021-09-29 22:25:00,0.04034911253525924,0.0,0.0,0.0,0.0,49999872.0,1604685824.0,1806483456.0,121155584.0,272990208.0,1.296908,41.622691,46.856962,3.14256,7.08088,0.02478460910476959,0.0,0.0,0.0,0.0,49352704.0,1603981312.0,1809211392.0,121348096.0,271421440.0,1.280121,41.604417,46.92772,3.147553,7.040189,0.031208202305869293,0.0,0.0,0.0,0.0,49528832.0,1601585152.0,1811759104.0,121307136.0,271134720.0,1.28469,41.542265,46.993803,3.146491,7.032752,0.036249859251324776,0.0,0.0,0.0,0.0,49848320.0,1603129344.0,1805565952.0,121794560.0,274976768.0,1.292977,41.582319,46.833164,3.159134,7.132407,0.04276085971627642,0.0,0.0,0.0,0.0,53358592.0,1610207232.0,1794719744.0,122335232.0,274702336.0,1.384024,41.765818,46.551733,3.173151,7.125274,0.027343474422310974,0.0,0.0,0.0,0.0,49704960.0,1604308992.0,1805840384.0,121491456.0,273969152.0,1.289258,41.612917,46.840282,3.151272,7.106272,0.019512606723950415,0.0,0.0,0.0,0.0,52436992.0,1586188288.0,1864257536.0,120074240.0,232357888.0,1.360122,41.142898,48.355519,3.114512,6.02695,0.011679077350509695,0.0,0.0,0.0,0.0,44564480.0,1591865344.0,1885790208.0,120328192.0,212774912.0,1.155921,41.290063,48.913934,3.121092,5.51899,0.16580472309951327,0.0,0.0,0.0,0.0,42987520.0,1587077120.0,1974906880.0,118861824.0,131481600.0,1.11502,41.165953,51.225565,3.083064,3.410398,0.01948314702023121,0.0,0.0,0.0,0.0,28114944.0,569159680.0,3058454528.0,68288512.0,131297280.0,0.729252,14.762988,79.330861,1.771282,3.405617
2021-09-29 22:24:00,0.024134990331575068,0.0,0.0,0.0,0.0,49840128.0,1604554752.0,1804296192.0,121315328.0,275308544.0,1.292764,41.619291,46.800228,3.146703,7.141013,0.01784876862114165,0.0,0.0,0.0,0.0,49225728.0,1603858432.0,1807388672.0,121401344.0,273440768.0,1.276828,41.60123,46.880442,3.148935,7.092566,0.016342434424221133,0.0,0.0,0.0,0.0,49393664.0,1601421312.0,1809944576.0,121389056.0,273166336.0,1.281184,41.538015,46.946737,3.148616,7.085448,0.02107825891544195,0.0,0.0,0.0,0.0,49704960.0,1602961408.0,1803726848.0,121786368.0,277135360.0,1.289258,41.577963,46.78546,3.158921,7.188397,0.028257010289069722,0.0,0.0,0.0,0.0,53190656.0,1609916416.0,1792942080.0,122392576.0,276881408.0,1.379668,41.758274,46.505624,3.174639,7.181795,0.01751694885963957,0.0,0.0,0.0,0.0,49549312.0,1604153344.0,1803644928.0,121495552.0,276471808.0,1.285221,41.608879,46.783336,3.151378,7.171186,0.019862062481322103,0.0,0.0,0.0,0.0,52166656.0,1586049024.0,1862893568.0,120131584.0,234074112.0,1.35311,41.139286,48.32014,3.115999,6.071465,0.010994587839975149,0.0,0.0,0.0,0.0,44494848.0,1591812096.0,1883684864.0,120414208.0,214917120.0,1.154115,41.288682,48.859325,3.123323,5.574555,0.015685042451513215,0.0,0.0,0.0,0.0,42942464.0,1587044352.0,1972801536.0,118857728.0,133668864.0,1.113851,41.165103,51.170957,3.082958,3.467132,0.011161142427390303,0.0,0.0,0.0,0.0,28090368.0,569163776.0,3055865856.0,68313088.0,133881856.0,0.728614,14.763094,79.263715,1.77192,3.472657
2021-09-29 22:23:00,0.026816596326140047,0.0,0.0,0.0,0.0,49676288.0,1604435968.0,1805586432.0,121270272.0,274345984.0,1.288514,41.61621,46.833695,3.145535,7.116046,0.06538161900813293,0.0,0.0,0.0,0.0,49086464.0,1603715072.0,1808130048.0,121372672.0,273010688.0,1.273215,41.597511,46.899672,3.148191,7.081411,0.023733782352417167,0.0,0.0,0.0,0.0,49254400.0,1601306624.0,1810911232.0,121405440.0,272437248.0,1.277571,41.535041,46.971811,3.149041,7.066537,0.01919059935159642,0.0,0.0,0.0,0.0,49602560.0,1602813952.0,1804017664.0,121815040.0,277065728.0,1.286602,41.574138,46.793004,3.159665,7.186591,0.03938095867292475,0.0,0.0,0.0,0.0,53002240.0,1609596928.0,1793716224.0,122421248.0,276586496.0,1.374781,41.749988,46.525704,3.175382,7.174146,0.05013163468495965,0.0,0.0,0.0,0.0,49405952.0,1604071424.0,1804292096.0,121528320.0,276017152.0,1.281502,41.606755,46.800122,3.152228,7.159393,0.03889017895848828,0.0,0.0,0.0,0.0,51998720.0,1585905664.0,1863217152.0,120160256.0,234033152.0,1.348754,41.135567,48.328533,3.116743,6.070403,0.0681050928259135,0.0,0.0,0.0,0.0,44421120.0,1591742464.0,1883779072.0,120410112.0,214970368.0,1.152202,41.286876,48.861769,3.123217,5.575936,0.08053243054972843,0.0,0.0,0.0,0.0,42926080.0,1587032064.0,1972834304.0,118857728.0,133664768.0,1.113426,41.164784,51.171807,3.082958,3.467026,0.05161035735824555,0.0,0.0,0.0,0.0,28082176.0,569163776.0,3055607808.0,68321280.0,134139904.0,0.728402,14.763094,79.257022,1.772132,3.47935
2021-09-29 22:22:00,0.10502465470232968,0.0,0.0,0.0,0.0,49553408.0,1604292608.0,1807941632.0,121270272.0,272257024.0,1.285327,41.612492,46.894784,3.145535,7.061862,0.03649853870501166,0.0,0.0,0.0,0.0,48918528.0,1603526656.0,1813614592.0,121335808.0,267919360.0,1.268859,41.592624,47.041931,3.147235,6.949351,0.07973358357778247,0.0,0.0,0.0,0.0,49131520.0,1601159168.0,1816588288.0,121397248.0,267038720.0,1.274384,41.531216,47.119063,3.148828,6.926509,0.10324164045877637,0.0,0.0,0.0,0.0,49479680.0,1602662400.0,1809661952.0,121774080.0,271736832.0,1.283415,41.570207,46.939406,3.158603,7.048369,0.09698992851519771,0.0,0.0,0.0,0.0,52842496.0,1609342976.0,1800650752.0,122372096.0,270114816.0,1.370637,41.7434,46.705573,3.174107,7.006282,0.06043513144363099,0.0,0.0,0.0,0.0,49291264.0,1603936256.0,1810485248.0,121487360.0,270114816.0,1.278528,41.603248,46.960761,3.151166,7.006297,0.06590059237708155,0.0,0.0,0.0,0.0,51834880.0,1585778688.0,1863733248.0,120172544.0,233795584.0,1.344504,41.132274,48.34192,3.117062,6.064241,0.011058924973449772,0.0,0.0,0.0,0.0,44343296.0,1591492608.0,1883840512.0,120393728.0,215252992.0,1.150184,41.280395,48.863362,3.122792,5.583267,0.16217502579213583,0.0,0.0,0.0,0.0,42872832.0,1586704384.0,1954648064.0,118927360.0,152162304.0,1.112045,41.156284,50.700088,3.084764,3.946819,0.018969428654913637,0.0,0.0,0.0,0.0,28057600.0,569163776.0,3056091136.0,68313088.0,133689344.0,0.727764,14.763094,79.269559,1.77192,3.467663
2021-09-29 22:21:00,0.028744605048149196,0.0,0.0,0.0,0.0,49422336.0,1604149248.0,1807613952.0,121303040.0,272826368.0,1.281927,41.608773,46.886285,3.146385,7.07663,0.016090772952642378,0.0,0.0,0.0,0.0,48771072.0,1603420160.0,1813839872.0,121352192.0,267931648.0,1.265035,41.589862,47.047774,3.14766,6.94967,0.015537335209057326,0.0,0.0,0.0,0.0,48963584.0,1600999424.0,1816391680.0,121397248.0,267563008.0,1.270028,41.527072,47.113964,3.148828,6.940108,0.023305094062289793,0.0,0.0,0.0,0.0,49324032.0,1602523136.0,1809694720.0,121790464.0,271982592.0,1.279378,41.566595,46.940256,3.159028,7.054744,0.02501127406791094,0.0,0.0,0.0,0.0,52580352.0,1608957952.0,1802137600.0,122388480.0,269258752.0,1.363838,41.733414,46.744139,3.174532,6.984077,0.021978233374767342,0.0,0.0,0.0,0.0,49147904.0,1603809280.0,1809448960.0,121548800.0,271360000.0,1.274809,41.599955,46.933882,3.152759,7.038595,0.018726653123832666,0.0,0.0,0.0,0.0,51621888.0,1585639424.0,1864761344.0,120115200.0,233177088.0,1.33898,41.128661,48.368587,3.115574,6.048198,0.007045386234311479,0.0,0.0,0.0,0.0,44273664.0,1591414784.0,1884291072.0,120401920.0,214941696.0,1.148378,41.278376,48.875049,3.123005,5.575193,0.009511481237233473,0.0,0.0,0.0,0.0,42840064.0,1586491392.0,1973067776.0,118829056.0,134086656.0,1.111195,41.15076,51.177862,3.082214,3.477969,0.0037724525525104488,0.0,0.0,0.0,0.0,28024832.0,568836096.0,3055398912.0,68313088.0,134742016.0,0.726914,14.754595,79.251603,1.77192,3.494968
2021-09-29 22:20:00,0.027082381618086987,0.0,0.0,0.0,0.0,49266688.0,1603997696.0,1808744448.0,121253888.0,272052224.0,1.27789,41.604842,46.915608,3.14511,7.05655,0.015072757406208837,0.0,0.0,0.0,0.0,48656384.0,1603289088.0,1814065152.0,121319424.0,267984896.0,1.26206,41.586462,47.053618,3.14681,6.951051,0.015331195990159092,0.0,0.0,0.0,0.0,48840704.0,1600897024.0,1816875008.0,121393152.0,267309056.0,1.266841,41.524416,47.1265,3.148722,6.933521,0.01878966404785937,0.0,0.0,0.0,0.0,49188864.0,1602392064.0,1810468864.0,121724928.0,271540224.0,1.275871,41.563195,46.960336,3.157328,7.04327,0.028316272217495945,0.0,0.0,0.0,0.0,52359168.0,1608679424.0,1802620928.0,122302464.0,269361152.0,1.358101,41.726189,46.756675,3.172301,6.986733,0.017636859970259402,0.0,0.0,0.0,0.0,48992256.0,1603670016.0,1809932288.0,121520128.0,271200256.0,1.270772,41.596343,46.946418,3.152016,7.034451,0.018960324739001066,0.0,0.0,0.0,0.0,51388416.0,1585504256.0,1864728576.0,120107008.0,233586688.0,1.332924,41.125155,48.367737,3.115362,6.058822,0.007493441379851617,0.0,0.0,0.0,0.0,44191744.0,1591361536.0,1884291072.0,120373248.0,215105536.0,1.146253,41.276995,48.875049,3.122261,5.579442,0.005236632538676152,0.0,0.0,0.0,0.0,42807296.0,1586466816.0,1973342208.0,118808576.0,133890048.0,1.110345,41.150122,51.184981,3.081683,3.472869,0.0034738630960641594,0.0,0.0,0.0,0.0,27996160.0,568832000.0,3054780416.0,68308992.0,135397376.0,0.726171,14.754488,79.235561,1.771814,3.511967
2021-09-29 22:19:00,0.030712049415486813,0.0,0.0,0.0,0.0,49106944.0,1603604480.0,1812496384.0,121122816.0,268984320.0,1.273747,41.594643,47.012927,3.14171,6.976974,0.02108264235295252,0.0,0.0,0.0,0.0,48525312.0,1602969600.0,1818259456.0,121245696.0,264314880.0,1.25866,41.578175,47.16241,3.144897,6.855857,0.017711905867274426,0.0,0.0,0.0,0.0,48652288.0,1600671744.0,1820852224.0,121237504.0,263901184.0,1.261954,41.518573,47.229662,3.144685,6.845126,0.025827257862529505,0.0,0.0,0.0,0.0,49029120.0,1602068480.0,1816154112.0,121720832.0,266342400.0,1.271728,41.554802,47.107802,3.157221,6.908447,0.030774220398342322,0.0,0.0,0.0,0.0,52183040.0,1608343552.0,1806434304.0,122183680.0,266178560.0,1.353532,41.717477,46.855587,3.16922,6.904183,0.021020103766681092,0.0,0.0,0.0,0.0,48844800.0,1603440640.0,1814142976.0,121352192.0,267534336.0,1.266947,41.590393,47.055636,3.14766,6.939364,0.019987820641310824,0.0,0.0,0.0,0.0,51081216.0,1585147904.0,1868451840.0,119959552.0,230674432.0,1.324956,41.115912,48.464311,3.111537,5.983284,0.008296388561762076,0.0,0.0,0.0,0.0,44118016.0,1591255040.0,1887117312.0,120246272.0,212586496.0,1.14434,41.274233,48.948356,3.118967,5.514103,0.046862805615914264,0.0,0.0,0.0,0.0,42766336.0,1586413568.0,1976094720.0,118771712.0,131268608.0,1.109283,41.148741,51.256376,3.080727,3.404874,0.007090663503601509,0.0,0.0,0.0,0.0,27975680.0,568823808.0,3057012736.0,68284416.0,133218304.0,0.725639,14.754276,79.293463,1.771176,3.455445
2021-09-29 22:18:00,0.02538263333301245,0.0,0.0,0.0,0.0,48963584.0,1603465216.0,1816784896.0,121081856.0,265019392.0,1.270028,41.591031,47.124163,3.140648,6.874131,0.01609926507533809,0.0,0.0,0.0,0.0,48406528.0,1602838528.0,1820356608.0,121233408.0,262479872.0,1.255579,41.574775,47.216807,3.144579,6.80826,0.02003098043569101,0.0,0.0,0.0,0.0,48562176.0,1600532480.0,1822142464.0,121229312.0,262848512.0,1.259616,41.514961,47.263129,3.144472,6.817822,0.02293341092860525,0.0,0.0,0.0,0.0,48902144.0,1601908736.0,1819250688.0,121712640.0,263540736.0,1.268434,41.550658,47.188121,3.157009,6.835777,0.03412038799116933,0.0,0.0,0.0,0.0,51978240.0,1608024064.0,1808400384.0,122171392.0,264749056.0,1.34822,41.70919,46.906584,3.168901,6.867104,0.021606801936461768,0.0,0.0,0.0,0.0,48734208.0,1603325952.0,1815982080.0,121356288.0,265916416.0,1.264079,41.587418,47.103339,3.147766,6.897398,0.020116563108946175,0.0,0.0,0.0,0.0,50864128.0,1585008640.0,1868644352.0,119967744.0,230830080.0,1.319325,41.1123,48.469305,3.11175,5.987321,0.009781774765070375,0.0,0.0,0.0,0.0,44056576.0,1590992896.0,1886879744.0,120238080.0,213155840.0,1.142747,41.267433,48.942194,3.118755,5.528871,0.12876154119370634,0.0,0.0,0.0,0.0,42717184.0,1585688576.0,1976115200.0,118722560.0,132071424.0,1.108008,41.129936,51.256907,3.079452,3.425697,0.017353446813670577,0.0,0.0,0.0,0.0,27934720.0,568299520.0,3055206400.0,68272128.0,135602176.0,0.724577,14.740677,79.24661,1.770857,3.517279
2021-09-29 22:17:00,0.02304219396206501,0.0,0.0,0.0,0.0,48812032.0,1602940928.0,1818214400.0,120983552.0,264364032.0,1.266097,41.577431,47.161242,3.138098,6.857132,0.014797462947937845,0.0,0.0,0.0,0.0,48259072.0,1602723840.0,1820323840.0,121229312.0,262778880.0,1.251754,41.571801,47.215957,3.144472,6.816016,0.015953068277267828,0.0,0.0,0.0,0.0,48410624.0,1600376832.0,1822433280.0,121212928.0,262881280.0,1.255685,41.510923,47.270672,3.144047,6.818672,0.018215664706871828,0.0,0.0,0.0,0.0,48730112.0,1601794048.0,1820184576.0,121700352.0,262905856.0,1.263972,41.547683,47.212345,3.15669,6.819309,0.026552408999506363,0.0,0.0,0.0,0.0,51744768.0,1607712768.0,1808945152.0,122130432.0,264790016.0,1.342164,41.701116,46.920714,3.167839,6.868167,0.017283641275270156,0.0,0.0,0.0,0.0,48586752.0,1603141632.0,1817497600.0,121331712.0,264757248.0,1.260254,41.582637,47.142649,3.147128,6.867331,0.019662464135828374,0.0,0.0,0.0,0.0,50597888.0,1584844800.0,1869258752.0,119934976.0,230678528.0,1.312419,41.10805,48.485241,3.1109,5.98339,0.007318726916054175,0.0,0.0,0.0,0.0,44003328.0,1590939648.0,1886744576.0,120233984.0,213401600.0,1.141365,41.266052,48.938688,3.118649,5.535245,0.009826153859419644,0.0,0.0,0.0,0.0,42708992.0,1585664000.0,1975812096.0,118726656.0,132403200.0,1.107795,41.129299,51.249045,3.079558,3.434303,0.004085984074339895,0.0,0.0,0.0,0.0,27910144.0,568299520.0,3054813184.0,68263936.0,136028160.0,0.723939,14.740677,79.236411,1.770645,3.528328
2021-09-29 22:16:00,0.0209448484205339,0.0,0.0,0.0,0.0,48668672.0,1602756608.0,1819959296.0,120975360.0,262955008.0,1.262379,41.572651,47.206501,3.137885,6.820584,0.014616902585306471,0.0,0.0,0.0,0.0,48111616.0,1602572288.0,1820934144.0,121237504.0,262459392.0,1.24793,41.56787,47.231787,3.144685,6.807729,0.015864468128115542,0.0,0.0,0.0,0.0,48263168.0,1600237568.0,1823657984.0,121241600.0,261914624.0,1.251861,41.507311,47.302439,3.144791,6.793599,0.01972620749898984,0.0,0.0,0.0,0.0,48570368.0,1601617920.0,1821802496.0,121675776.0,261648384.0,1.259829,41.543115,47.254311,3.156053,6.786693,0.03109001270361536,0.0,0.0,0.0,0.0,51437568.0,1607274496.0,1811755008.0,122138624.0,262717440.0,1.334196,41.689748,46.993597,3.168052,6.814408,0.01935683482445351,0.0,0.0,0.0,0.0,48398336.0,1602945024.0,1819598848.0,121323520.0,263049216.0,1.255367,41.577538,47.197152,3.146916,6.823028,0.01941394867277495,0.0,0.0,0.0,0.0,50364416.0,1584717824.0,1869709312.0,119943168.0,230580224.0,1.306363,41.104757,48.496928,3.111112,5.98084,0.007597460296911151,0.0,0.0,0.0,0.0,43950080.0,1590882304.0,1886445568.0,120233984.0,213811200.0,1.139984,41.264565,48.930933,3.118649,5.54587,0.01816905443103565,0.0,0.0,0.0,0.0,42704896.0,1585647616.0,1975582720.0,118743040.0,132636672.0,1.107689,41.128874,51.243096,3.079983,3.440359,0.0058508405581823315,0.0,0.0,0.0,0.0,27901952.0,568299520.0,3055132672.0,68263936.0,135716864.0,0.723727,14.740677,79.244698,1.770645,3.520254
2021-09-29 22:15:00,0.02961578434579053,0.0,0.0,0.0,0.0,48513024.0,1602613248.0,1820991488.0,120971264.0,262225920.0,1.258341,41.568932,47.233274,3.137779,6.801673,0.02062299494125739,0.0,0.0,0.0,0.0,48013312.0,1602408448.0,1822740480.0,121233408.0,260919296.0,1.24538,41.56362,47.27864,3.144579,6.767782,0.020189045018384394,0.0,0.0,0.0,0.0,48078848.0,1600073728.0,1824497664.0,121225216.0,261439488.0,1.24708,41.503061,47.324218,3.144366,6.781274,0.0250587830482426,0.0,0.0,0.0,0.0,48398336.0,1601429504.0,1823608832.0,121667584.0,260210688.0,1.255367,41.538228,47.301164,3.15584,6.749402,0.030193886686223928,0.0,0.0,0.0,0.0,51216384.0,1606971392.0,1814110208.0,122126336.0,260898816.0,1.328459,41.681886,47.054686,3.167733,6.767236,0.020957560623248148,0.0,0.0,0.0,0.0,48287744.0,1602830336.0,1819566080.0,121327616.0,263303168.0,1.252498,41.574563,47.196302,3.147022,6.829615,0.018970778595415537,0.0,0.0,0.0,0.0,50135040.0,1584586752.0,1869971456.0,119955456.0,230666240.0,1.300414,41.101357,48.503728,3.111431,5.983071,0.011461607430996423,0.0,0.0,0.0,0.0,43884544.0,1590620160.0,1885360128.0,120221696.0,215236608.0,1.138284,41.257765,48.902778,3.11833,5.582842,0.16548430583679494,0.0,0.0,0.0,0.0,42659840.0,1585119232.0,1974493184.0,118706176.0,134336512.0,1.10652,41.115168,51.214835,3.079027,3.48445,0.019801980634332493,0.0,0.0,0.0,0.0,27869184.0,568004608.0,3053920256.0,68259840.0,137261056.0,0.722877,14.733027,79.21325,1.770539,3.560307
2021-09-29 22:14:00,0.022528238222882635,0.0,0.0,0.0,0.0,48349184.0,1602510848.0,1818894336.0,121049088.0,264511488.0,1.254092,41.566276,47.178878,3.139798,6.860957,0.016523896842910328,0.0,0.0,0.0,0.0,47853568.0,1602265088.0,1820868608.0,121233408.0,263094272.0,1.241236,41.559901,47.230087,3.144579,6.824197,0.01536956311051038,0.0,0.0,0.0,0.0,47972352.0,1599930368.0,1822650368.0,121315328.0,263446528.0,1.244317,41.499343,47.276303,3.146703,6.833334,0.01959464793990217,0.0,0.0,0.0,0.0,48234496.0,1601282048.0,1821794304.0,121741312.0,262262784.0,1.251117,41.534403,47.254098,3.157753,6.802629,0.026470020411650332,0.0,0.0,0.0,0.0,50995200.0,1606668288.0,1812299776.0,122212352.0,263147520.0,1.322722,41.674024,47.007727,3.169964,6.825563,0.01800173514709087,0.0,0.0,0.0,0.0,48132096.0,1602662400.0,1817735168.0,121356288.0,265428992.0,1.248461,41.570207,47.148811,3.147766,6.884755,0.019962791881845493,0.0,0.0,0.0,0.0,49917952.0,1584394240.0,1868423168.0,120041472.0,232538112.0,1.294783,41.096363,48.463568,3.113662,6.031624,0.011052648192423931,0.0,0.0,0.0,0.0,43794432.0,1590558720.0,1882865664.0,120225792.0,217878528.0,1.135947,41.256171,48.838077,3.118436,5.651369,0.015587668239215683,0.0,0.0,0.0,0.0,42618880.0,1585090560.0,1972346880.0,118730752.0,136527872.0,1.105458,41.114425,51.159164,3.079664,3.54129,0.010259672170412888,0.0,0.0,0.0,0.0,27828224.0,567787520.0,3050651648.0,68280320.0,140767232.0,0.721815,14.727397,79.128468,1.77107,3.651251
2021-09-29 22:13:00,0.0291987361131613,0.0,0.0,0.0,0.0,48230400.0,1602383872.0,1819119616.0,121032704.0,264548352.0,1.251011,41.562982,47.184721,3.139373,6.861913,0.06769073501464694,0.0,0.0,0.0,0.0,47734784.0,1602125824.0,1820934144.0,121270272.0,263249920.0,1.238155,41.556289,47.231787,3.145535,6.828234,0.023141648378512986,0.0,0.0,0.0,0.0,47800320.0,1599766528.0,1822875648.0,121298944.0,263573504.0,1.239855,41.495093,47.282146,3.146278,6.836627,0.022580589464660267,0.0,0.0,0.0,0.0,48082944.0,1601130496.0,1822019584.0,121724928.0,262356992.0,1.247186,41.530472,47.259941,3.157328,6.805073,0.041644326779245,0.0,0.0,0.0,0.0,50753536.0,1606017024.0,1813725184.0,122150912.0,262676480.0,1.316453,41.657131,47.044699,3.16837,6.813345,0.048321127608341403,0.0,0.0,0.0,0.0,48009216.0,1602539520.0,1817993216.0,121372672.0,265400320.0,1.245274,41.56702,47.155505,3.148191,6.884011,0.037012551792938095,0.0,0.0,0.0,0.0,49704960.0,1584259072.0,1869197312.0,120020992.0,232132608.0,1.289258,41.092857,48.483648,3.113131,6.021106,0.06759673937161446,0.0,0.0,0.0,0.0,43728896.0,1590501376.0,1882787840.0,120246272.0,218058752.0,1.134247,41.254684,48.836058,3.118967,5.656043,0.0872938751133925,0.0,0.0,0.0,0.0,42602496.0,1585074176.0,1972183040.0,118726656.0,136728576.0,1.105033,41.114,51.154914,3.079558,3.546496,0.04502448122805115,0.0,0.0,0.0,0.0,27811840.0,567783424.0,3050225664.0,68280320.0,141213696.0,0.72139,14.72729,79.117419,1.77107,3.662832
2021-09-29 22:12:00,0.10071113622278745,0.0,0.0,0.0,0.0,48050176.0,1602228224.0,1819410432.0,121016320.0,264609792.0,1.246336,41.558945,47.192265,3.138948,6.863507,0.03087053733905615,0.0,0.0,0.0,0.0,47583232.0,1601925120.0,1821933568.0,121221120.0,262651904.0,1.234224,41.551083,47.25771,3.14426,6.812722,0.07267598511067869,0.0,0.0,0.0,0.0,47677440.0,1599631360.0,1823035392.0,121286656.0,263684096.0,1.236668,41.491587,47.28629,3.14596,6.839496,0.09280645948513543,0.0,0.0,0.0,0.0,47939584.0,1600974848.0,1822277632.0,121708544.0,262414336.0,1.243467,41.526435,47.266635,3.156903,6.80656,0.10945926796281545,0.0,0.0,0.0,0.0,50552832.0,1605730304.0,1814724608.0,122077184.0,262238208.0,1.311248,41.649694,47.070623,3.166458,6.801977,0.05736739600202346,0.0,0.0,0.0,0.0,47882240.0,1602387968.0,1818316800.0,121319424.0,265408512.0,1.24198,41.563089,47.163898,3.14681,6.884224,0.06215712768889148,0.0,0.0,0.0,0.0,49500160.0,1584099328.0,1869455360.0,120000512.0,232259584.0,1.283946,41.088714,48.490341,3.112599,6.0244,0.012635713810310279,0.0,0.0,0.0,0.0,43646976.0,1590374400.0,1882320896.0,120217600.0,218763264.0,1.132122,41.25139,48.823946,3.118224,5.674317,0.2828712931586021,0.0,0.0,0.0,0.0,42561536.0,1584984064.0,1958772736.0,118718464.0,150278144.0,1.10397,41.111662,50.807075,3.079345,3.897947,0.007958716334936137,0.0,0.0,0.0,0.0,27795456.0,567783424.0,3050545152.0,68272128.0,140918784.0,0.720965,14.72729,79.125706,1.770857,3.655182
2021-09-29 22:11:00,0.033586504949794004,0.0,0.0,0.0,0.0,47931392.0,1602093056.0,1819664384.0,121040896.0,264585216.0,1.243255,41.555439,47.198852,3.139585,6.862869,0.02046260711345364,0.0,0.0,0.0,0.0,47443968.0,1601716224.0,1822711808.0,121184256.0,262258688.0,1.230612,41.545665,47.277896,3.143304,6.802523,0.0206497984748277,0.0,0.0,0.0,0.0,47554560.0,1599471616.0,1823875072.0,121303040.0,263110656.0,1.233481,41.487444,47.308069,3.146385,6.824622,0.029889511763496066,0.0,0.0,0.0,0.0,47824896.0,1600847872.0,1822760960.0,121716736.0,262164480.0,1.240493,41.523141,47.279171,3.157115,6.800079,0.031130732755586147,0.0,0.0,0.0,0.0,50282496.0,1605369856.0,1815465984.0,122118144.0,262086656.0,1.304236,41.640345,47.089853,3.16752,6.798046,0.023265977115285826,0.0,0.0,0.0,0.0,47767552.0,1602236416.0,1818251264.0,121376768.0,265682944.0,1.239005,41.559158,47.162198,3.148297,6.891342,0.018849270100033757,0.0,0.0,0.0,0.0,49254400.0,1583972352.0,1870073856.0,119996416.0,232017920.0,1.277571,41.08542,48.506384,3.112493,6.018131,0.025908837379558253,0.0,0.0,0.0,0.0,43585536.0,1590185984.0,1881915392.0,120238080.0,219398144.0,1.130529,41.246503,48.813428,3.118755,5.690785,0.7588482647820285,0.0,0.0,0.0,0.0,42504192.0,1584664576.0,1969831936.0,118661120.0,139653120.0,1.102483,41.103375,51.09393,3.077858,3.622353,0.016948677391452567,0.0,0.0,0.0,0.0,27738112.0,567119872.0,3048931328.0,68272128.0,143253504.0,0.719477,14.710079,79.083846,1.770857,3.715741
2021-09-29 22:10:00,0.029556452104532602,0.0,0.0,0.0,0.0,47788032.0,1601953792.0,1819697152.0,121053184.0,264822784.0,1.239536,41.551827,47.199702,3.139904,6.869031,0.021653209635629386,0.0,0.0,0.0,0.0,47345664.0,1601593344.0,1823453184.0,121151488.0,261771264.0,1.228062,41.542478,47.297126,3.142454,6.78988,0.019771213523415553,0.0,0.0,0.0,0.0,47448064.0,1599332352.0,1824391168.0,121262080.0,262881280.0,1.230718,41.483831,47.321456,3.145322,6.818672,0.027917464844067295,0.0,0.0,0.0,0.0,47677440.0,1600696320.0,1822826496.0,121700352.0,262414336.0,1.236668,41.51921,47.280871,3.15669,6.80656,0.03067302745752632,0.0,0.0,0.0,0.0,50077696.0,1605074944.0,1815982080.0,122044416.0,262144000.0,1.298923,41.632696,47.103239,3.165608,6.799534,0.023471029669039467,0.0,0.0,0.0,0.0,47624192.0,1602105344.0,1819316224.0,121307136.0,264962048.0,1.235287,41.555758,47.189821,3.146491,6.872643,0.02002381572129745,0.0,0.0,0.0,0.0,48996352.0,1583833088.0,1870540800.0,119988224.0,231956480.0,1.270878,41.081808,48.518495,3.112281,6.016538,0.024646485439594794,0.0,0.0,0.0,0.0,43507712.0,1590136832.0,1881587712.0,120209408.0,219881472.0,1.12851,41.245228,48.804929,3.118011,5.703321,0.6899276411828178,0.0,0.0,0.0,0.0,42475520.0,1584631808.0,1970307072.0,118681600.0,139218944.0,1.101739,41.102526,51.106255,3.078389,3.611091,0.014257197508267793,0.0,0.0,0.0,0.0,27697152.0,567128064.0,3048312832.0,68259840.0,143917056.0,0.718415,14.710291,79.067803,1.770539,3.732952
2021-09-29 22:09:00,0.023163352082509428,0.0,0.0,0.0,0.0,47644672.0,1601769472.0,1822711808.0,120963072.0,262225920.0,1.235818,41.547046,47.277896,3.137567,6.801673,0.01690038031031236,0.0,0.0,0.0,0.0,47247360.0,1601286144.0,1826082816.0,121094144.0,259604480.0,1.225512,41.534509,47.365334,3.140966,6.733678,0.018607423602513034,0.0,0.0,0.0,0.0,47296512.0,1599127552.0,1828417536.0,121090048.0,259383296.0,1.226787,41.478519,47.425893,3.14086,6.727941,0.020322768401649684,0.0,0.0,0.0,0.0,47476736.0,1600147456.0,1826344960.0,121421824.0,259923968.0,1.231462,41.504974,47.372134,3.149466,6.741965,0.026965318862028197,0.0,0.0,0.0,0.0,49836032.0,1604603904.0,1819418624.0,121954304.0,259510272.0,1.292655,41.620478,47.192377,3.163271,6.73122,0.01998961538502139,0.0,0.0,0.0,0.0,47505408.0,1601929216.0,1821880320.0,121241600.0,262758400.0,1.232206,41.551189,47.256329,3.144791,6.815485,0.021051983530135012,0.0,0.0,0.0,0.0,48799744.0,1583702016.0,1873477632.0,119836672.0,229498880.0,1.265778,41.078408,48.594671,3.10835,5.952792,0.014155337625755967,0.0,0.0,0.0,0.0,43429888.0,1590042624.0,1883947008.0,120139776.0,217763840.0,1.126492,41.242785,48.866125,3.116205,5.648394,0.2761681166016279,0.0,0.0,0.0,0.0,42405888.0,1584582656.0,1972695040.0,118595584.0,137035776.0,1.099933,41.101251,51.168194,3.076158,3.554464,0.008029894122601652,0.0,0.0,0.0,0.0,27684864.0,567119872.0,3050647552.0,68235264.0,141627392.0,0.718096,14.710079,79.128362,1.769901,3.673562
2021-09-29 22:08:00,0.0208594071410919,0.0,0.0,0.0,0.0,47509504.0,1601425408.0,1823584256.0,120967168.0,261828608.0,1.232312,41.538122,47.300526,3.137673,6.791368,0.014851800292927445,0.0,0.0,0.0,0.0,47112192.0,1600921600.0,1826074624.0,121081856.0,260124672.0,1.222006,41.525054,47.365122,3.140648,6.74717,0.014870069441284765,0.0,0.0,0.0,0.0,47185920.0,1598812160.0,1828126720.0,121085952.0,260104192.0,1.223919,41.470339,47.41835,3.140754,6.746639,0.02005155118355854,0.0,0.0,0.0,0.0,47370240.0,1599799296.0,1826795520.0,121434112.0,259915776.0,1.2287,41.495943,47.383821,3.149784,6.741752,0.024375960584725458,0.0,0.0,0.0,0.0,49627136.0,1604202496.0,1820672000.0,121942016.0,258879488.0,1.287237,41.610066,47.224887,3.162952,6.714858,0.01679710179260307,0.0,0.0,0.0,0.0,47362048.0,1601613824.0,1822396416.0,121225216.0,262717440.0,1.228487,41.543009,47.269716,3.144366,6.814422,0.0201752447637143,0.0,0.0,0.0,0.0,48582656.0,1583550464.0,1874329600.0,119828480.0,229023744.0,1.260148,41.074477,48.61677,3.108137,5.940468,0.00741568095279419,0.0,0.0,0.0,0.0,43376640.0,1589010432.0,1885298688.0,120098816.0,217538560.0,1.12511,41.216012,48.901185,3.115143,5.642551,0.009605202076865755,0.0,0.0,0.0,0.0,42328064.0,1583157248.0,1851731968.0,118513664.0,259584000.0,1.097915,41.064278,48.030628,3.074033,6.733146,0.0037785998356058077,0.0,0.0,0.0,0.0,27635712.0,567107584.0,3050840064.0,68239360.0,141492224.0,0.716821,14.70976,79.133355,1.770007,3.670056
2021-09-29 22:07:00,0.021292637971360762,0.0,0.0,0.0,0.0,47394816.0,1601015808.0,1824292864.0,120958976.0,261652480.0,1.229337,41.527497,47.318906,3.13746,6.786799,0.015478052683620073,0.0,0.0,0.0,0.0,47013888.0,1600552960.0,1827889152.0,121069568.0,258789376.0,1.219456,41.515492,47.412188,3.140329,6.712535,0.01583687462011293,0.0,0.0,0.0,0.0,47030272.0,1598480384.0,1829416960.0,121065472.0,259321856.0,1.219881,41.461733,47.451816,3.140223,6.726347,0.018914155746198938,0.0,0.0,0.0,0.0,47226880.0,1599410176.0,1827569664.0,121409536.0,259698688.0,1.224981,41.48585,47.403901,3.149147,6.736121,0.024844550308023846,0.0,0.0,0.0,0.0,49422336.0,1603796992.0,1822089216.0,121892864.0,258121728.0,1.281925,41.599548,47.261647,3.161677,6.695203,0.017831952264946455,0.0,0.0,0.0,0.0,47230976.0,1601257472.0,1823428608.0,121212928.0,262184960.0,1.225087,41.533766,47.296489,3.144047,6.800611,0.019689297800891837,0.0,0.0,0.0,0.0,48316416.0,1583386624.0,1875193856.0,119816192.0,228601856.0,1.253242,41.070228,48.639187,3.107819,5.929525,0.007982461961441818,0.0,0.0,0.0,0.0,43307008.0,1587429376.0,1887711232.0,120053760.0,216821760.0,1.123304,41.175002,48.963762,3.113974,5.623958,0.03668741582518843,0.0,0.0,0.0,0.0,42242048.0,1582129152.0,1957138432.0,118484992.0,155320320.0,1.095683,41.037611,50.764684,3.07329,4.028732,0.0043683803024504655,0.0,0.0,0.0,0.0,27578368.0,567107584.0,3050938368.0,68235264.0,141455360.0,0.715334,14.70976,79.135905,1.769901,3.6691
2021-09-29 22:06:00,0.026762354060324848,0.0,0.0,0.0,0.0,47271936.0,1600708608.0,1825841152.0,120926208.0,260567040.0,1.22615,41.519529,47.359066,3.13661,6.758645,0.020560764503427247,0.0,0.0,0.0,0.0,46899200.0,1600204800.0,1828876288.0,121036800.0,258297856.0,1.216482,41.506461,47.437792,3.139479,6.699786,0.019242077113410024,0.0,0.0,0.0,0.0,46911488.0,1598173184.0,1830707200.0,121024512.0,258498560.0,1.2168,41.453765,47.485283,3.13916,6.704992,0.02514721036246262,0.0,0.0,0.0,0.0,47099904.0,1599098880.0,1829117952.0,121368576.0,258629632.0,1.221688,41.477776,47.44406,3.148085,6.708392,0.030741744229981313,0.0,0.0,0.0,0.0,49192960.0,1603350528.0,1823797248.0,121892864.0,257089536.0,1.275975,41.587967,47.30595,3.161677,6.66843,0.02153209730167731,0.0,0.0,0.0,0.0,47099904.0,1600921600.0,1824555008.0,121171968.0,261566464.0,1.221688,41.525054,47.325706,3.142985,6.784568,0.019875181735043174,0.0,0.0,0.0,0.0,48099328.0,1583247360.0,1875484672.0,119808000.0,228675584.0,1.247611,41.066615,48.646731,3.107606,5.931437,0.01780041933004952,0.0,0.0,0.0,0.0,43237376.0,1586020352.0,1912492032.0,120004608.0,193568768.0,1.121498,41.138454,49.60653,3.112699,5.020818,0.4121190516045336,0.0,0.0,0.0,0.0,42188800.0,1580990464.0,1976860672.0,118411264.0,136863744.0,1.094302,41.008076,51.276243,3.071377,3.550002,0.010743134980917071,0.0,0.0,0.0,0.0,27488256.0,567107584.0,3050938368.0,68235264.0,141545472.0,0.712996,14.70976,79.135905,1.769901,3.671437
2021-09-29 22:05:00,0.029123881652870883,0.0,0.0,0.0,0.0,47161344.0,1600577536.0,1825873920.0,120909824.0,260792320.0,1.223281,41.516129,47.359916,3.136185,6.764488,0.020519826139625743,0.0,0.0,0.0,0.0,46776320.0,1600053248.0,1829650432.0,121053184.0,257781760.0,1.213294,41.50253,47.457872,3.139904,6.6864,0.020848015256639957,0.0,0.0,0.0,0.0,46768128.0,1598021632.0,1830739968.0,121036800.0,258748416.0,1.213082,41.449834,47.486133,3.139479,6.711473,0.02617420401337019,0.0,0.0,0.0,0.0,47013888.0,1598971904.0,1828687872.0,121360384.0,259280896.0,1.219456,41.474482,47.432905,3.147872,6.725284,0.032791823007957056,0.0,0.0,0.0,0.0,48930816.0,1603043328.0,1824055296.0,121888768.0,257404928.0,1.269175,41.579999,47.312644,3.161571,6.676611,0.02314678569524394,0.0,0.0,0.0,0.0,46977024.0,1600786432.0,1824522240.0,121184256.0,261844992.0,1.2185,41.521548,47.324856,3.143304,6.791793,0.02012845329920907,0.0,0.0,0.0,0.0,47845376.0,1583112192.0,1875927040.0,119799808.0,228630528.0,1.241024,41.063109,48.658205,3.107394,5.930269,0.024120115516575898,0.0,0.0,0.0,0.0,43188224.0,1585967104.0,1912418304.0,120008704.0,193740800.0,1.120223,41.137073,49.604618,3.112805,5.02528,0.5896518142409557,0.0,0.0,0.0,0.0,42172416.0,1580965888.0,1976786944.0,118427648.0,136962048.0,1.093877,41.007438,51.274331,3.071802,3.552551,0.01563763974807036,0.0,0.0,0.0,0.0,27463680.0,567107584.0,3050942464.0,68235264.0,141565952.0,0.712359,14.70976,79.136011,1.769901,3.671969
2021-09-29 22:04:00,0.023975051679732927,0.0,0.0,0.0,0.0,47017984.0,1600417792.0,1824075776.0,120913920.0,262889472.0,1.219563,41.511986,47.313275,3.136292,6.818884,0.01578953579266103,0.0,0.0,0.0,0.0,46669824.0,1599905792.0,1826988032.0,121118720.0,260632576.0,1.210532,41.498705,47.388814,3.141604,6.760345,0.015749944294706116,0.0,0.0,0.0,0.0,46665728.0,1597743104.0,1829158912.0,121053184.0,260694016.0,1.210426,41.442609,47.445123,3.139904,6.761938,0.019798002094832158,0.0,0.0,0.0,0.0,46854144.0,1598754816.0,1827663872.0,121417728.0,260624384.0,1.215313,41.468851,47.406344,3.14936,6.760132,0.026178454382394988,0.0,0.0,0.0,0.0,48717824.0,1602752512.0,1821859840.0,121905152.0,260087808.0,1.263651,41.572456,47.255698,3.161996,6.7462,0.018979050486036424,0.0,0.0,0.0,0.0,46854144.0,1600593920.0,1824296960.0,121208832.0,262361088.0,1.215313,41.516554,47.319012,3.143941,6.805179,0.019645767704956067,0.0,0.0,0.0,0.0,47587328.0,1582972928.0,1873633280.0,119877632.0,231243776.0,1.23433,41.059497,48.598709,3.109412,5.998052,0.011015019081483501,0.0,0.0,0.0,0.0,43134976.0,1585913856.0,1910038528.0,120037376.0,196198400.0,1.118842,41.135692,49.542891,3.113549,5.089026,0.016781886784238035,0.0,0.0,0.0,0.0,42147840.0,1580953600.0,1974763520.0,118468608.0,138981376.0,1.09324,41.007119,51.221847,3.072865,3.604929,0.010535477407028655,0.0,0.0,0.0,0.0,27447296.0,567107584.0,3048583168.0,68239360.0,143937536.0,0.711934,14.70976,79.074815,1.770007,3.733483
2021-09-29 22:03:00,0.027421698394070878,0.0,0.0,0.0,0.0,46895104.0,1600237568.0,1825075200.0,120909824.0,262197248.0,1.216375,41.507311,47.339199,3.136185,6.800929,0.0680657321216098,0.0,0.0,0.0,0.0,46563328.0,1599725568.0,1827500032.0,121118720.0,260407296.0,1.20777,41.494031,47.402094,3.141604,6.754501,0.022591152598166766,0.0,0.0,0.0,0.0,46497792.0,1597558784.0,1829965824.0,121053184.0,260239360.0,1.20607,41.437828,47.466053,3.139904,6.750145,0.019870626301005244,0.0,0.0,0.0,0.0,46718976.0,1598566400.0,1828438016.0,121360384.0,260231168.0,1.211807,41.463964,47.426424,3.147872,6.749933,0.0374976681057395,0.0,0.0,0.0,0.0,48508928.0,1602416640.0,1822113792.0,121921536.0,260362240.0,1.258232,41.563744,47.262285,3.162421,6.753318,0.047889435100355135,0.0,0.0,0.0,0.0,46747648.0,1600434176.0,1825005568.0,121208832.0,261918720.0,1.212551,41.512411,47.337393,3.143941,6.793705,0.038311380262782295,0.0,0.0,0.0,0.0,47403008.0,1582858240.0,1874083840.0,119853056.0,231116800.0,1.22955,41.056522,48.610395,3.108775,5.994758,0.06972312363199198,0.0,0.0,0.0,0.0,43061248.0,1585848320.0,1910931456.0,120016896.0,195465216.0,1.11693,41.133992,49.566052,3.113018,5.070009,0.0726709754532185,0.0,0.0,0.0,0.0,42106880.0,1580875776.0,1894563840.0,118542336.0,219226112.0,1.092177,41.005101,49.14161,3.074777,5.686335,0.048084715536398426,0.0,0.0,0.0,0.0,27447296.0,567107584.0,3048906752.0,68222976.0,143630336.0,0.711934,14.70976,79.083208,1.769582,3.725515
2021-09-29 22:02:00,0.09140853855526293,0.0,0.0,0.0,0.0,46755840.0,1599885312.0,1825112064.0,120868864.0,262692864.0,1.212763,41.498174,47.340155,3.135123,6.813785,0.0309120745835718,0.0,0.0,0.0,0.0,46436352.0,1599389696.0,1827987456.0,121073664.0,260427776.0,1.204476,41.485319,47.414737,3.140435,6.755032,0.07254839331775571,0.0,0.0,0.0,0.0,46350336.0,1597243392.0,1830932480.0,121016320.0,259772416.0,1.202245,41.429648,47.491126,3.138948,6.738034,0.08915204857689644,0.0,0.0,0.0,0.0,46587904.0,1598246912.0,1829212160.0,121376768.0,259891200.0,1.208407,41.455677,47.446504,3.148297,6.741115,0.09099868768812863,0.0,0.0,0.0,0.0,48316416.0,1601986560.0,1822949376.0,121892864.0,260177920.0,1.253239,41.552589,47.283958,3.161677,6.748537,0.057201538913143675,0.0,0.0,0.0,0.0,46608384.0,1600065536.0,1826295808.0,121167872.0,261177344.0,1.208938,41.502849,47.370859,3.142879,6.774475,0.06549584074606826,0.0,0.0,0.0,0.0,47230976.0,1582661632.0,1875087360.0,119865344.0,230469632.0,1.225087,41.051423,48.636425,3.109093,5.977972,0.008175697285350718,0.0,0.0,0.0,0.0,42958848.0,1584447488.0,1918771200.0,119996416.0,189149184.0,1.114274,41.097657,49.7694,3.112487,4.906182,0.05042259820211162,0.0,0.0,0.0,0.0,41992192.0,1579634688.0,1940746240.0,118476800.0,174465024.0,1.089203,40.972909,50.339499,3.073077,4.525312,0.005047200970966988,0.0,0.0,0.0,0.0,27381760.0,567107584.0,3048808448.0,68218880.0,143798272.0,0.710234,14.70976,79.080659,1.769476,3.729871
2021-09-29 22:01:00,0.034042111634957926,0.0,0.0,0.0,0.0,46612480.0,1599614976.0,1825595392.0,120877056.0,262615040.0,1.209045,41.491162,47.352692,3.135335,6.811766,0.021351546203519926,0.0,0.0,0.0,0.0,46362624.0,1599176704.0,1828827136.0,121090048.0,259858432.0,1.202564,41.479794,47.436517,3.14086,6.740265,0.02044043976927791,0.0,0.0,0.0,0.0,46215168.0,1596993536.0,1831936000.0,120975360.0,259194880.0,1.198739,41.423167,47.517156,3.137885,6.723053,0.031395346926408746,0.0,0.0,0.0,0.0,46460928.0,1598009344.0,1829761024.0,121319424.0,259764224.0,1.205114,41.449515,47.460741,3.14681,6.737821,0.029084574216873684,0.0,0.0,0.0,0.0,48103424.0,1601536000.0,1823141888.0,121892864.0,260648960.0,1.247714,41.540902,47.288952,3.161677,6.760755,0.021400337798426962,0.0,0.0,0.0,0.0,46473216.0,1599766528.0,1826856960.0,121135104.0,261083136.0,1.205432,41.495093,47.385414,3.142029,6.772031,0.021020691652141228,0.0,0.0,0.0,0.0,47017984.0,1582514176.0,1875816448.0,119840768.0,230125568.0,1.219563,41.047598,48.655336,3.108456,5.969047,0.021303066582859267,0.0,0.0,0.0,0.0,42885120.0,1583673344.0,1930539008.0,119967744.0,178257920.0,1.112361,41.077577,50.074636,3.111743,4.623683,0.5108829126194574,0.0,0.0,0.0,0.0,41930752.0,1578835968.0,1978658816.0,118345728.0,137543680.0,1.087609,40.952192,51.322884,3.069677,3.567638,0.014772891096198155,0.0,0.0,0.0,0.0,27299840.0,567103488.0,3049594880.0,68218880.0,143097856.0,0.708109,14.709654,79.101057,1.769476,3.711703
2021-09-29 22:00:00,0.02018294106114619,0.0,0.0,0.0,0.0,46456832.0,1599479808.0,1826111488.0,120827904.0,262438912.0,1.205007,41.487656,47.366078,3.134061,6.807198,0.01669138932789404,0.0,0.0,0.0,0.0,46227456.0,1599016960.0,1829019648.0,121020416.0,260030464.0,1.199058,41.475651,47.441511,3.139054,6.744727,0.01613394924695039,0.0,0.0,0.0,0.0,46120960.0,1596841984.0,1832517632.0,120950784.0,258883584.0,1.196296,41.419236,47.532242,3.137248,6.714979,0.01938843875127721,0.0,0.0,0.0,0.0,46338048.0,1597894656.0,1830244352.0,121315328.0,259522560.0,1.201926,41.44654,47.473277,3.146703,6.731553,0.024582019201684582,0.0,0.0,0.0,0.0,47915008.0,1601261568.0,1823621120.0,121827328.0,260698112.0,1.242827,41.533784,47.301382,3.159977,6.76203,0.019275150212419115,0.0,0.0,0.0,0.0,46379008.0,1599639552.0,1827565568.0,121090048.0,260640768.0,1.202989,41.4918,47.403794,3.14086,6.760557,0.01934823201273422,0.0,0.0,0.0,0.0,46804992.0,1582379008.0,1876295680.0,119832576.0,230002688.0,1.214038,41.044092,48.667767,3.108243,5.96586,0.008702816800011703,0.0,0.0,0.0,0.0,42831872.0,1583616000.0,1930567680.0,119967744.0,178339840.0,1.11098,41.07609,50.075379,3.111743,4.625808,0.06759893554667235,0.0,0.0,0.0,0.0,41902080.0,1578807296.0,1978265600.0,118300672.0,138039296.0,1.086865,40.951448,51.312685,3.068509,3.580493,0.005790058316646333,0.0,0.0,0.0,0.0,27267072.0,567103488.0,3049234432.0,68231168.0,143478784.0,0.707259,14.709654,79.091708,1.769795,3.721584
2021-09-29 21:59:00,0.022410621994389146,0.0,0.0,0.0,0.0,46321664.0,1599299584.0,1829539840.0,120713216.0,259440640.0,1.201501,41.482981,47.455003,3.131086,6.729428,0.015421091164628819,0.0,0.0,0.0,0.0,46120960.0,1598828544.0,1831915520.0,120938496.0,257511424.0,1.196296,41.470764,47.516624,3.136929,6.679387,0.015214342221118215,0.0,0.0,0.0,0.0,45932544.0,1596637184.0,1836412928.0,120832000.0,255500288.0,1.191408,41.413924,47.633279,3.134167,6.627222,0.01877359443885543,0.0,0.0,0.0,0.0,46186496.0,1597702144.0,1832611840.0,121229312.0,257585152.0,1.197995,41.441547,47.534686,3.144472,6.6813,0.022648487999008184,0.0,0.0,0.0,0.0,47714304.0,1600946176.0,1826643968.0,121618432.0,258400256.0,1.237621,41.525603,47.379789,3.154559,6.702428,0.01734393178223191,0.0,0.0,0.0,0.0,46227456.0,1599315968.0,1830993920.0,120971264.0,257806336.0,1.199058,41.483406,47.49272,3.137779,6.687037,0.01931610807619677,0.0,0.0,0.0,0.0,46620672.0,1582239744.0,1879154688.0,119771136.0,227528704.0,1.209257,41.04048,48.741924,3.10665,5.901689,0.00725200951075801,0.0,0.0,0.0,0.0,42774528.0,1583521792.0,1933234176.0,119848960.0,175943680.0,1.109493,41.073646,50.144543,3.108662,4.563656,0.009388765734237836,0.0,0.0,0.0,0.0,41865216.0,1578754048.0,1980542976.0,118325248.0,135827456.0,1.085909,40.950067,51.371756,3.069146,3.523122,0.003742774644270478,0.0,0.0,0.0,0.0,27254784.0,567095296.0,3051278336.0,68218880.0,141467648.0,0.706941,14.709441,79.144723,1.769476,3.669419
2021-09-29 21:58:00,0.021037996295161083,0.0,0.0,0.0,0.0,46161920.0,1599049728.0,1830313984.0,120705024.0,259084288.0,1.197358,41.476501,47.475083,3.130873,6.720185,0.017223894624515405,0.0,0.0,0.0,0.0,45969408.0,1598607360.0,1833238528.0,120926208.0,256573440.0,1.192365,41.465026,47.550941,3.13661,6.655058,0.015750423886862562,0.0,0.0,0.0,0.0,45805568.0,1596444672.0,1836670976.0,120811520.0,255582208.0,1.188115,41.40893,47.639972,3.133636,6.629347,0.018417764791060165,0.0,0.0,0.0,0.0,46043136.0,1597448192.0,1833676800.0,121225216.0,256921600.0,1.194277,41.43496,47.562309,3.144366,6.664089,0.02257861232890927,0.0,0.0,0.0,0.0,47538176.0,1600561152.0,1826635776.0,121593856.0,258994176.0,1.233053,41.515616,47.379577,3.153921,6.717833,0.019542959335331508,0.0,0.0,0.0,0.0,46088192.0,1599086592.0,1831735296.0,120979456.0,257425408.0,1.195446,41.477457,47.51195,3.137992,6.677156,0.01818593632605475,0.0,0.0,0.0,0.0,46424064.0,1582104576.0,1879478272.0,119758848.0,227549184.0,1.204157,41.036974,48.750317,3.106331,5.90222,0.0073888232465876055,0.0,0.0,0.0,0.0,42700800.0,1582989312.0,1934241792.0,119828480.0,175562752.0,1.10758,41.059835,50.170679,3.108131,4.553775,0.022558022592930865,0.0,0.0,0.0,0.0,41820160.0,1578151936.0,1980149760.0,118317056.0,136876032.0,1.08474,40.934449,51.361556,3.068934,3.55032,0.005477657644295537,0.0,0.0,0.0,0.0,27238400.0,567095296.0,3051147264.0,68218880.0,141615104.0,0.706516,14.709441,79.141323,1.769476,3.673243
2021-09-29 21:57:00,0.02667410860863981,0.0,0.0,0.0,0.0,46006272.0,1598795776.0,1831088128.0,120684544.0,258740224.0,1.193321,41.469914,47.495163,3.130342,6.71126,0.019442096570828463,0.0,0.0,0.0,0.0,45846528.0,1598382080.0,1833205760.0,120905728.0,256974848.0,1.189177,41.459183,47.550091,3.136079,6.66547,0.023027537124520353,0.0,0.0,0.0,0.0,45670400.0,1596256256.0,1836929024.0,120799232.0,255660032.0,1.184609,41.404043,47.646666,3.133317,6.631366,0.024287298000757098,0.0,0.0,0.0,0.0,45912064.0,1597218816.0,1833676800.0,121204736.0,257302528.0,1.190877,41.42901,47.562309,3.143835,6.673969,0.02808198906420832,0.0,0.0,0.0,0.0,47345664.0,1600167936.0,1827115008.0,121573376.0,259121152.0,1.22806,41.505417,47.392007,3.15339,6.721127,0.02107299258238034,0.0,0.0,0.0,0.0,45973504.0,1598877696.0,1831735296.0,120963072.0,257765376.0,1.192471,41.472038,47.51195,3.137567,6.685975,0.018793638021689672,0.0,0.0,0.0,0.0,46190592.0,1581899776.0,1879896064.0,119754752.0,227573760.0,1.198102,41.031661,48.761154,3.106225,5.902858,0.013199919614604975,0.0,0.0,0.0,0.0,42647552.0,1582125056.0,1949143040.0,119795712.0,161611776.0,1.106199,41.037418,50.55719,3.107281,4.191913,0.213055937996702,0.0,0.0,0.0,0.0,41697280.0,1577267200.0,1986260992.0,118284288.0,131805184.0,1.081553,40.911501,51.520071,3.068084,3.418792,0.012894005858156157,0.0,0.0,0.0,0.0,27164672.0,567091200.0,3051544576.0,68247552.0,141266944.0,0.704603,14.709335,79.151629,1.77022,3.664213
2021-09-29 21:56:00,0.02096200393245577,0.0,0.0,0.0,0.0,45842432.0,1598648320.0,1831542784.0,120696832.0,258584576.0,1.189071,41.466089,47.506956,3.130661,6.707223,0.01680109547745019,0.0,0.0,0.0,0.0,45690880.0,1598255104.0,1833754624.0,120918016.0,256696320.0,1.18514,41.45589,47.564327,3.136398,6.658245,0.015238973950116967,0.0,0.0,0.0,0.0,45490176.0,1596325888.0,1837670400.0,120786944.0,255041536.0,1.179934,41.405849,47.665896,3.132998,6.615323,0.019740528299554208,0.0,0.0,0.0,0.0,45756416.0,1597108224.0,1834418176.0,121192448.0,256839680.0,1.18684,41.426142,47.581539,3.143516,6.661964,0.022822712366635755,0.0,0.0,0.0,0.0,47095808.0,1599823872.0,1827917824.0,121565184.0,258920448.0,1.221579,41.496492,47.412831,3.153178,6.715921,0.017665925381845207,0.0,0.0,0.0,0.0,45805568.0,1598742528.0,1832251392.0,120958976.0,257556480.0,1.188115,41.468532,47.525336,3.13746,6.680556,0.01926859764401101,0.0,0.0,0.0,0.0,45957120.0,1581768704.0,1880444928.0,119734272.0,227409920.0,1.192046,41.028262,48.775391,3.105694,5.898608,0.007047454130610239,0.0,0.0,0.0,0.0,42594304.0,1582075904.0,1949302784.0,119795712.0,161554432.0,1.104818,41.036143,50.561333,3.107281,4.190425,0.009725738556893996,0.0,0.0,0.0,0.0,41664512.0,1577242624.0,1985957888.0,118288384.0,132161536.0,1.080703,40.910863,51.512209,3.06819,3.428035,0.003793843721939775,0.0,0.0,0.0,0.0,27148288.0,567091200.0,3051638784.0,68247552.0,141189120.0,0.704178,14.709335,79.154072,1.77022,3.662194
2021-09-29 21:55:00,0.020248453137397367,0.0,0.0,0.0,0.0,45686784.0,1598500864.0,1831833600.0,120672256.0,258621440.0,1.185034,41.462264,47.5145,3.130023,6.708179,0.015108404616818423,0.0,0.0,0.0,0.0,45563904.0,1598128128.0,1833754624.0,120918016.0,256950272.0,1.181846,41.452596,47.564327,3.136398,6.664832,0.018432584214899822,0.0,0.0,0.0,0.0,45383680.0,1596178432.0,1837477888.0,120799232.0,255475712.0,1.177172,41.402024,47.660902,3.133317,6.626585,0.019558434776160993,0.0,0.0,0.0,0.0,45629440.0,1596891136.0,1834176512.0,121184256.0,257433600.0,1.183546,41.420511,47.57527,3.143304,6.677369,0.02220389459681087,0.0,0.0,0.0,0.0,46882816.0,1599545344.0,1828356096.0,121540608.0,258998272.0,1.216054,41.489268,47.424198,3.15254,6.717939,0.017001960783847872,0.0,0.0,0.0,0.0,45670400.0,1598607360.0,1831993344.0,120979456.0,258064384.0,1.184609,41.465026,47.518643,3.137992,6.69373,0.020140281259755238,0.0,0.0,0.0,0.0,45707264.0,1581637632.0,1881485312.0,119738368.0,226746368.0,1.185565,41.024862,48.802376,3.1058,5.881397,0.008529038659405094,0.0,0.0,0.0,0.0,42536960.0,1582014464.0,1949429760.0,119795712.0,161546240.0,1.103331,41.034549,50.564627,3.107281,4.190213,0.004858957597012647,0.0,0.0,0.0,0.0,41639936.0,1577226240.0,1985728512.0,118292480.0,132427776.0,1.080066,40.910438,51.506259,3.068296,3.434941,0.0038762038098264875,0.0,0.0,0.0,0.0,27131904.0,567087104.0,3050954752.0,68247552.0,141893632.0,0.703753,14.709229,79.13633,1.77022,3.680468
2021-09-29 21:54:00,0.04534788964842799,0.0,0.0,0.0,0.0,45391872.0,1598332928.0,1831759872.0,120733696.0,259096576.0,1.177384,41.457908,47.512587,3.131617,6.720504,0.03220646184005413,0.0,0.0,0.0,0.0,45240320.0,1597968384.0,1832972288.0,120950784.0,258183168.0,1.173453,41.448453,47.544035,3.137248,6.696811,0.03549222645704522,0.0,0.0,0.0,0.0,45088768.0,1595691008.0,1838075904.0,120659968.0,255799296.0,1.169522,41.389381,47.676414,3.129705,6.634978,0.042829965962045455,0.0,0.0,0.0,0.0,45350912.0,1597120512.0,1832345600.0,121217024.0,259280896.0,1.176322,41.42646,47.52778,3.144154,6.725284,0.027750960049479544,0.0,0.0,0.0,0.0,46551040.0,1599238144.0,1827069952.0,121540608.0,260923392.0,1.207448,41.4813,47.390838,3.15254,6.767873,0.026920647876813555,0.0,0.0,0.0,0.0,45387776.0,1598451712.0,1831788544.0,120954880.0,258732032.0,1.177278,41.460989,47.513331,3.137354,6.711048,0.021038926753388646,0.0,0.0,0.0,0.0,45342720.0,1581707264.0,1879695360.0,119742464.0,228827136.0,1.176109,41.026668,48.755948,3.105906,5.935368,0.03140415450794857,0.0,0.0,0.0,0.0,42307584.0,1581731840.0,1949437952.0,119734272.0,162111488.0,1.097381,41.027218,50.564839,3.105687,4.204874,0.029606669664978588,0.0,0.0,0.0,0.0,41426944.0,1576861696.0,1962831872.0,118280192.0,155914240.0,1.074541,40.900983,50.912361,3.067977,4.044138,0.012944006558036965,0.0,0.0,0.0,0.0,26705920.0,567091200.0,3049574400.0,68214784.0,143728640.0,0.692704,14.709335,79.100526,1.76937,3.728065
2021-09-29 21:53:00,0.023992431329563146,0.0,0.0,0.0,0.0,45264896.0,1598189568.0,1833406464.0,120737792.0,257716224.0,1.174091,41.45419,47.555297,3.131723,6.6847,0.0701570933491278,0.0,0.0,0.0,0.0,45129728.0,1597845504.0,1833295872.0,120967168.0,258076672.0,1.170585,41.445265,47.552428,3.137673,6.694049,0.02219459608718637,0.0,0.0,0.0,0.0,44957696.0,1595564032.0,1838366720.0,120705024.0,255721472.0,1.166123,41.386088,47.683957,3.130873,6.632959,0.02001356743859664,0.0,0.0,0.0,0.0,45228032.0,1596993536.0,1832894464.0,121167872.0,259031040.0,1.173135,41.423167,47.542016,3.142879,6.718804,0.0602495345735439,0.0,0.0,0.0,0.0,46284800.0,1598947328.0,1827094528.0,121561088.0,261435392.0,1.200543,41.473756,47.391476,3.153071,6.781154,0.0599396171640592,0.0,0.0,0.0,0.0,45248512.0,1598316544.0,1831305216.0,120942592.0,259502080.0,1.173666,41.457483,47.500794,3.137035,6.731022,0.03919340250805542,0.0,0.0,0.0,0.0,45084672.0,1581592576.0,1879986176.0,119754752.0,228896768.0,1.169416,41.023693,48.763492,3.106225,5.937174,0.06785712391482975,0.0,0.0,0.0,0.0,42242048.0,1581498368.0,1947779072.0,119713792.0,164089856.0,1.095681,41.021162,50.521811,3.105156,4.256189,0.06558957790476067,0.0,0.0,0.0,0.0,41385984.0,1576390656.0,1978916864.0,118173696.0,140447744.0,1.073479,40.888765,51.329577,3.065215,3.642964,0.04683610486456828,0.0,0.0,0.0,0.0,26648576.0,566956032.0,3054030848.0,68214784.0,139464704.0,0.691217,14.705829,79.216118,1.76937,3.617466
2021-09-29 21:52:00,0.08733034103489008,0.0,0.0,0.0,0.0,45092864.0,1598443520.0,1832857600.0,120737792.0,258183168.0,1.169629,41.460777,47.54106,3.131723,6.696811,0.027732579731038716,0.0,0.0,0.0,0.0,44982272.0,1597739008.0,1833553920.0,120958976.0,258080768.0,1.16676,41.442503,47.559122,3.13746,6.694155,0.07179883665186396,0.0,0.0,0.0,0.0,44847104.0,1595453440.0,1838366720.0,120643584.0,256004096.0,1.163254,41.383219,47.683957,3.12928,6.64029,0.08907044135730852,0.0,0.0,0.0,0.0,45101056.0,1596895232.0,1833152512.0,121171968.0,258994176.0,1.169841,41.420617,47.54871,3.142985,6.717847,0.07667949089127196,0.0,0.0,0.0,0.0,46104576.0,1600958464.0,1825841152.0,121507840.0,260911104.0,1.195868,41.525922,47.358965,3.15169,6.767555,0.05465510377811379,0.0,0.0,0.0,0.0,45109248.0,1598234624.0,1832046592.0,120926208.0,258998272.0,1.170054,41.455358,47.520024,3.13661,6.717954,0.06454407663899957,0.0,0.0,0.0,0.0,44883968.0,1581539328.0,1880629248.0,119750656.0,228511744.0,1.16421,41.022312,48.780172,3.106119,5.927187,0.006449523049569213,0.0,0.0,0.0,0.0,42205184.0,1581453312.0,1947226112.0,119726080.0,164712448.0,1.094725,41.019994,50.507468,3.105475,4.272338,0.0021791178167101556,0.0,0.0,0.0,0.0,41357312.0,1576218624.0,1979273216.0,118095872.0,140369920.0,1.072735,40.884302,51.33882,3.063196,3.640946,0.0030993853685944354,0.0,0.0,0.0,0.0,26640384.0,566956032.0,3053604864.0,68222976.0,139890688.0,0.691004,14.705829,79.205069,1.769582,3.628515
2021-09-29 21:51:00,0.02428536014115631,0.0,0.0,0.0,0.0,44998656.0,1600094208.0,1831084032.0,120721408.0,258416640.0,1.167185,41.503593,47.495057,3.131298,6.702867,0.01574298789254224,0.0,0.0,0.0,0.0,44879872.0,1598713856.0,1832329216.0,120946688.0,258445312.0,1.164104,41.467789,47.527355,3.137142,6.703611,0.01681836537608348,0.0,0.0,0.0,0.0,44707840.0,1596063744.0,1838432256.0,120680448.0,255430656.0,1.159642,41.39905,47.685657,3.130236,6.625416,0.02314619019688422,0.0,0.0,0.0,0.0,44937216.0,1597509632.0,1832767488.0,121155584.0,258945024.0,1.165591,41.436553,47.538723,3.14256,6.716573,0.022029523912247367,0.0,0.0,0.0,0.0,45826048.0,1600663552.0,1826553856.0,121483264.0,260796416.0,1.188644,41.518272,47.377452,3.151053,6.76458,0.01624763676831975,0.0,0.0,0.0,0.0,44969984.0,1598099456.0,1831919616.0,120934400.0,259391488.0,1.166441,41.451852,47.516731,3.136823,6.728153,0.018974501016639302,0.0,0.0,0.0,0.0,44654592.0,1581420544.0,1880985600.0,119787520.0,228466688.0,1.158261,41.019231,48.789415,3.107075,5.926019,0.006777350585637028,0.0,0.0,0.0,0.0,42143744.0,1581387776.0,1945616384.0,119771136.0,166404096.0,1.093131,41.018294,50.465715,3.106643,4.316217,0.002123218143566419,0.0,0.0,0.0,0.0,41304064.0,1576198144.0,1979043840.0,118104064.0,140664832.0,1.071354,40.883771,51.332871,3.063409,3.648595,0.003226626414709699,0.0,0.0,0.0,0.0,26640384.0,566956032.0,3054116864.0,68210688.0,139390976.0,0.691004,14.705829,79.218349,1.769264,3.615554
2021-09-29 21:50:00,0.026530548114094662,0.0,0.0,0.0,0.0,44339200.0,1595441152.0,1843748864.0,119562240.0,252223488.0,1.15008,41.382901,47.82356,3.101231,6.542228,0.017703950790502177,0.0,0.0,0.0,0.0,44228608.0,1594880000.0,1844551680.0,119693312.0,251961344.0,1.147211,41.368345,47.844384,3.104631,6.535428,0.019014297600556535,0.0,0.0,0.0,0.0,44056576.0,1592688640.0,1849892864.0,119590912.0,249085952.0,1.142749,41.311505,47.982925,3.101975,6.460846,0.021545180685504307,0.0,0.0,0.0,0.0,44285952.0,1594404864.0,1843253248.0,120082432.0,253288448.0,1.148699,41.356021,47.810705,3.114724,6.569851,0.02364374931719908,0.0,0.0,0.0,0.0,45117440.0,1595928576.0,1839771648.0,120233984.0,254271488.0,1.170264,41.395456,47.720297,3.118649,6.595335,0.017733202816970578,0.0,0.0,0.0,0.0,44310528.0,1595805696.0,1842544640.0,119803904.0,252850176.0,1.149336,41.392356,47.792325,3.1075,6.558483,0.019609389704463354,0.0,0.0,0.0,0.0,44417024.0,1581260800.0,1882439680.0,119668736.0,227528704.0,1.152098,41.015088,48.827131,3.103994,5.901689,0.007512803636883092,0.0,0.0,0.0,0.0,41562112.0,1576701952.0,1958379520.0,118550528.0,160129024.0,1.078045,40.896752,50.796767,3.074983,4.153453,0.0022652391095666267,0.0,0.0,0.0,0.0,40742912.0,1571643392.0,1992269824.0,117096448.0,133562368.0,1.056799,40.765629,51.675929,3.037273,3.46437,0.0030793996307732384,0.0,0.0,0.0,0.0,26578944.0,566149120.0,3054596096.0,68210688.0,139780096.0,0.68941,14.684899,79.23078,1.769264,3.625647
2021-09-29 21:49:00,0.020469488522476334,0.0,0.0,0.0,0.0,44167168.0,1595494400.0,1843986432.0,119427072.0,252239872.0,1.145618,41.384282,47.829722,3.097725,6.542653,0.01447553507320123,0.0,0.0,0.0,0.0,44077056.0,1595039744.0,1845043200.0,119603200.0,251551744.0,1.14328,41.372489,47.857133,3.102294,6.524804,0.014310913582439374,0.0,0.0,0.0,0.0,43896832.0,1592602624.0,1851322368.0,119496704.0,247996416.0,1.138606,41.309274,48.020003,3.099532,6.432585,0.017337190453989612,0.0,0.0,0.0,0.0,44089344.0,1594138624.0,1845874688.0,119984128.0,251228160.0,1.143599,41.349115,47.8787,3.112174,6.516411,0.023459829819045788,0.0,0.0,0.0,0.0,44810240.0,1595764736.0,1838149632.0,119992320.0,256606208.0,1.162295,41.391206,47.678225,3.11238,6.655894,0.01783717444291568,0.0,0.0,0.0,0.0,44113920.0,1595719680.0,1843961856.0,119689216.0,251830272.0,1.144236,41.390125,47.829085,3.104525,6.532029,0.01912192554580893,0.0,0.0,0.0,0.0,44109824.0,1581121536.0,1883828224.0,119734272.0,226521088.0,1.14413,41.011475,48.863147,3.105694,5.875553,0.00690055880616048,0.0,0.0,0.0,0.0,41484288.0,1576427520.0,1959911424.0,118788096.0,158711808.0,1.076026,40.889634,50.836502,3.081145,4.116693,0.002371974579525234,0.0,0.0,0.0,0.0,40697856.0,1571495936.0,1992404992.0,117342208.0,133373952.0,1.05563,40.761804,51.679435,3.043648,3.459483,0.003004499552505043,0.0,0.0,0.0,0.0,26529792.0,566140928.0,3056402432.0,68333568.0,137908224.0,0.688136,14.684687,79.277633,1.772451,3.577094
2021-09-29 21:48:00,0.020713689982508755,0.0,0.0,0.0,0.0,44011520.0,1595256832.0,1843580928.0,119402496.0,253063168.0,1.14158,41.37812,47.819204,3.097088,6.564008,0.014709427387926155,0.0,0.0,0.0,0.0,43917312.0,1594851328.0,1845022720.0,119595008.0,251928576.0,1.139137,41.367602,47.856602,3.102081,6.534578,0.03417272534655922,0.0,0.0,0.0,0.0,43745280.0,1592086528.0,1852305408.0,119484416.0,247693312.0,1.134675,41.295888,48.045502,3.099213,6.424723,0.016217275500483196,0.0,0.0,0.0,0.0,43929600.0,1593475072.0,1845661696.0,119914496.0,252334080.0,1.139456,41.331904,47.873176,3.110368,6.545096,0.06283282938554985,0.0,0.0,0.0,0.0,44658688.0,1595596800.0,1837502464.0,119996416.0,257568768.0,1.158364,41.38685,47.661438,3.112487,6.680861,0.08937883379040415,0.0,0.0,0.0,0.0,43966464.0,1595080704.0,1842786304.0,119705600.0,253775872.0,1.140412,41.373551,47.798593,3.10495,6.582494,0.015726728005161304,0.0,0.0,0.0,0.0,43917312.0,1580974080.0,1884766208.0,119697408.0,225959936.0,1.139137,41.007651,48.887477,3.104737,5.860998,0.006819606620757194,0.0,0.0,0.0,0.0,41435136.0,1576423424.0,1959546880.0,118788096.0,159129600.0,1.074751,40.889528,50.827046,3.081145,4.12753,0.0022599346876641373,0.0,0.0,0.0,0.0,40697856.0,1571495936.0,1992273920.0,117342208.0,133505024.0,1.05563,40.761804,51.676036,3.043648,3.462882,0.0031866548125050777,0.0,0.0,0.0,0.0,26529792.0,566140928.0,3056398336.0,68333568.0,137912320.0,0.688136,14.684687,79.277527,1.772451,3.5772
2021-09-29 21:47:00,0.25050303574775656,0.0,0.0,0.0,0.0,43692032.0,1593565184.0,1844961280.0,119345152.0,253751296.0,1.133293,41.334241,47.855008,3.095601,6.581856,0.17520897344919983,0.0,0.0,0.0,0.0,43749376.0,1594105856.0,1843519488.0,119566336.0,254373888.0,1.134781,41.348265,47.817611,3.101338,6.598005,0.1835970827409748,0.0,0.0,0.0,0.0,43560960.0,1590980608.0,1851953152.0,119472128.0,249348096.0,1.129894,41.267202,48.036365,3.098894,6.467645,0.21426945934367486,0.0,0.0,0.0,0.0,43749376.0,1592410112.0,1844633600.0,119889920.0,254631936.0,1.134781,41.304281,47.846509,3.109731,6.604699,0.2352882727056316,0.0,0.0,0.0,0.0,44371968.0,1595142144.0,1836793856.0,119906304.0,259108864.0,1.150927,41.375057,47.643058,3.110149,6.720808,0.12581350248063122,0.0,0.0,0.0,0.0,43819008.0,1594978304.0,1842483200.0,119705600.0,254328832.0,1.136587,41.370895,47.790731,3.10495,6.596837,0.016280256715289692,0.0,0.0,0.0,0.0,43601920.0,1580273664.0,1885605888.0,119697408.0,226136064.0,1.130956,40.989483,48.909257,3.104737,5.865567,0.007661288544773489,0.0,0.0,0.0,0.0,41385984.0,1576415232.0,1958985728.0,118788096.0,159748096.0,1.073476,40.889315,50.812491,3.081145,4.143572,0.002439899546162631,0.0,0.0,0.0,0.0,40697856.0,1571471360.0,1988882432.0,117342208.0,136921088.0,1.05563,40.761167,51.588066,3.043648,3.551489,0.0041658678357698875,0.0,0.0,0.0,0.0,26529792.0,566140928.0,3056070656.0,68333568.0,138240000.0,0.688136,14.684687,79.269027,1.772451,3.585699
2021-09-29 21:46:00,0.0361926962558717,0.0,0.0,0.0,0.0,43577344.0,1592545280.0,1840971776.0,119382016.0,258838528.0,1.130319,41.307787,47.751528,3.096557,6.71381,0.058964647947263416,0.0,0.0,0.0,0.0,43507712.0,1592786944.0,1838493696.0,119627776.0,260898816.0,1.128513,41.314055,47.687251,3.102931,6.76725,0.015027779106210677,0.0,0.0,0.0,0.0,43360256.0,1590493184.0,1847754752.0,119500800.0,254205952.0,1.124688,41.254559,47.927466,3.099638,6.593649,0.024813034070020498,0.0,0.0,0.0,0.0,43532288.0,1591914496.0,1840881664.0,120008704.0,258977792.0,1.12915,41.291425,47.74919,3.112812,6.717422,0.04984144991684142,0.0,0.0,0.0,0.0,43782144.0,1592942592.0,1839763456.0,119926784.0,258908160.0,1.135628,41.318005,47.720084,3.11068,6.715602,0.04512866707258875,0.0,0.0,0.0,0.0,43565056.0,1593520128.0,1838538752.0,119693312.0,259997696.0,1.13,41.333073,47.688419,3.104631,6.743877,0.016762193717283224,0.0,0.0,0.0,0.0,43220992.0,1577467904.0,1896468480.0,119689216.0,218468352.0,1.121076,40.916707,49.191013,3.104525,5.66668,0.025603704504399142,0.0,0.0,0.0,0.0,41332736.0,1576411136.0,1952825344.0,118865920.0,165888000.0,1.072095,40.889209,50.652702,3.083164,4.30283,0.0023757265892903946,0.0,0.0,0.0,0.0,40685568.0,1571475456.0,1986363392.0,117395456.0,139395072.0,1.055311,40.761273,51.522727,3.045029,3.61566,0.006284015485794825,0.0,0.0,0.0,0.0,26529792.0,566140928.0,3050520576.0,68337664.0,143785984.0,0.688136,14.684687,79.125068,1.772557,3.729552
2021-09-29 21:45:00,0.3252543061037931,0.0,0.0,0.0,0.0,43483136.0,1588850688.0,1847988224.0,119259136.0,255733760.0,1.127875,41.211956,47.933522,3.093369,6.633278,0.307577882699916,0.0,0.0,0.0,0.0,43405312.0,1591205888.0,1839575040.0,119558144.0,261570560.0,1.125856,41.273045,47.715299,3.101125,6.784674,0.09491507043909829,0.0,0.0,0.0,0.0,43261952.0,1589432320.0,1848418304.0,119480320.0,254722048.0,1.122138,41.227042,47.944677,3.099107,6.607036,0.15753177263989168,0.0,0.0,0.0,0.0,43413504.0,1590427648.0,1841463296.0,119898112.0,260112384.0,1.126069,41.252859,47.764277,3.109943,6.746852,0.3178213543735258,0.0,0.0,0.0,0.0,43700224.0,1591369728.0,1840562176.0,119820288.0,259870720.0,1.133504,41.277207,47.740802,3.107918,6.740569,0.27629780857639047,0.0,0.0,0.0,0.0,43458560.0,1591947264.0,1839652864.0,119648256.0,260608000.0,1.127238,41.292275,47.717317,3.103463,6.759707,0.1270684918175879,0.0,0.0,0.0,0.0,43094016.0,1577422848.0,1894920192.0,119668736.0,220209152.0,1.117782,40.915538,49.150853,3.103994,5.711833,0.23654814590993709,0.0,0.0,0.0,0.0,41295872.0,1576411136.0,1952165888.0,118849536.0,166600704.0,1.071139,40.889209,50.635597,3.082739,4.321316,0.05693826978248803,0.0,0.0,0.0,0.0,40685568.0,1571475456.0,1986424832.0,117395456.0,139333632.0,1.055311,40.761273,51.524321,3.045029,3.614066,0.00429806861997406,0.0,0.0,0.0,0.0,26513408.0,566145024.0,3048235008.0,68378624.0,146042880.0,0.687711,14.684793,79.065785,1.77362,3.788092
2021-09-29 21:44:00,0.8000321149795331,0.0,0.0,0.0,0.0,42205184.0,1576488960.0,1896865792.0,118861824.0,220893184.0,1.094727,40.891315,49.201319,3.083064,5.729576,0.7084294091595953,0.0,0.0,0.0,0.0,42299392.0,1577046016.0,1894522880.0,119242752.0,222203904.0,1.097171,40.905764,49.140548,3.092945,5.763573,0.7279062039330568,0.0,0.0,0.0,0.0,42700800.0,1580998656.0,1843638272.0,119255040.0,268722176.0,1.107583,41.008288,47.820692,3.093263,6.970174,0.8281281783881622,0.0,0.0,0.0,0.0,42409984.0,1576747008.0,1882386432.0,119488512.0,234283008.0,1.100039,40.898008,48.82575,3.099319,6.076884,0.9036008567343702,0.0,0.0,0.0,0.0,43429888.0,1584410624.0,1829330944.0,119635968.0,278515712.0,1.126492,41.096701,47.449484,3.103137,7.224186,0.6883675622438098,0.0,0.0,0.0,0.0,42602496.0,1579773952.0,1840148480.0,119275520.0,273514496.0,1.105033,40.976521,47.730173,3.093794,7.094479,0.5490076884281978,0.0,0.0,0.0,0.0,42962944.0,1577369600.0,1893048320.0,119656448.0,222277632.0,1.114382,40.914157,49.1023,3.103675,5.765486,0.47319524190230616,0.0,0.0,0.0,0.0,41246720.0,1576407040.0,1951891456.0,118923264.0,166854656.0,1.069864,40.889103,50.628479,3.084651,4.327903,0.6494040508580982,0.0,0.0,0.0,0.0,40677376.0,1571475456.0,1986203648.0,117452800.0,139505664.0,1.055099,40.761273,51.518583,3.046516,3.618528,0.1022497921176536,0.0,0.0,0.0,0.0,26505216.0,566145024.0,3047981056.0,68407296.0,146276352.0,0.687498,14.684793,79.059198,1.774363,3.794148
