timestamp,cpu_util_experiment-syncmesh-with-latency-3-node-instance-2,io_read_experiment-syncmesh-with-latency-3-node-instance-2,io_write_experiment-syncmesh-with-latency-3-node-instance-2,iops_read_experiment-syncmesh-with-latency-3-node-instance-2,iops_write_experiment-syncmesh-with-latency-3-node-instance-2,mem_buffered_experiment-syncmesh-with-latency-3-node-instance-2,mem_cached_experiment-syncmesh-with-latency-3-node-instance-2,mem_free_experiment-syncmesh-with-latency-3-node-instance-2,mem_slab_experiment-syncmesh-with-latency-3-node-instance-2,mem_used_experiment-syncmesh-with-latency-3-node-instance-2,mem_perc_buffered_experiment-syncmesh-with-latency-3-node-instance-2,mem_perc_cached_experiment-syncmesh-with-latency-3-node-instance-2,mem_perc_free_experiment-syncmesh-with-latency-3-node-instance-2,mem_perc_slab_experiment-syncmesh-with-latency-3-node-instance-2,mem_perc_used_experiment-syncmesh-with-latency-3-node-instance-2,cpu_util_experiment-syncmesh-with-latency-3-node-instance-3,io_read_experiment-syncmesh-with-latency-3-node-instance-3,io_write_experiment-syncmesh-with-latency-3-node-instance-3,iops_read_experiment-syncmesh-with-latency-3-node-instance-3,iops_write_experiment-syncmesh-with-latency-3-node-instance-3,mem_buffered_experiment-syncmesh-with-latency-3-node-instance-3,mem_cached_experiment-syncmesh-with-latency-3-node-instance-3,mem_free_experiment-syncmesh-with-latency-3-node-instance-3,mem_slab_experiment-syncmesh-with-latency-3-node-instance-3,mem_used_experiment-syncmesh-with-latency-3-node-instance-3,mem_perc_buffered_experiment-syncmesh-with-latency-3-node-instance-3,mem_perc_cached_experiment-syncmesh-with-latency-3-node-instance-3,mem_perc_free_experiment-syncmesh-with-latency-3-node-instance-3,mem_perc_slab_experiment-syncmesh-with-latency-3-node-instance-3,mem_perc_used_experiment-syncmesh-with-latency-3-node-instance-3,cpu_util_experiment-syncmesh-with-latency-3-node-instance-1,io_read_experiment-syncmesh-with-latency-3-node-instance-1,io_write_experiment-syncmesh-with-latency-3-node-instance-1,iops_read_experiment-syncmesh-with-latency-3-node-instance-1,iops_write_experiment-syncmesh-with-latency-3-node-instance-1,mem_buffered_experiment-syncmesh-with-latency-3-node-instance-1,mem_cached_experiment-syncmesh-with-latency-3-node-instance-1,mem_free_experiment-syncmesh-with-latency-3-node-instance-1,mem_slab_experiment-syncmesh-with-latency-3-node-instance-1,mem_used_experiment-syncmesh-with-latency-3-node-instance-1,mem_perc_buffered_experiment-syncmesh-with-latency-3-node-instance-1,mem_perc_cached_experiment-syncmesh-with-latency-3-node-instance-1,mem_perc_free_experiment-syncmesh-with-latency-3-node-instance-1,mem_perc_slab_experiment-syncmesh-with-latency-3-node-instance-1,mem_perc_used_experiment-syncmesh-with-latency-3-node-instance-1,cpu_util_experiment-syncmesh-with-latency-3-client-instance,io_read_experiment-syncmesh-with-latency-3-client-instance,io_write_experiment-syncmesh-with-latency-3-client-instance,iops_read_experiment-syncmesh-with-latency-3-client-instance,iops_write_experiment-syncmesh-with-latency-3-client-instance,mem_buffered_experiment-syncmesh-with-latency-3-client-instance,mem_cached_experiment-syncmesh-with-latency-3-client-instance,mem_free_experiment-syncmesh-with-latency-3-client-instance,mem_slab_experiment-syncmesh-with-latency-3-client-instance,mem_used_experiment-syncmesh-with-latency-3-client-instance,mem_perc_buffered_experiment-syncmesh-with-latency-3-client-instance,mem_perc_cached_experiment-syncmesh-with-latency-3-client-instance,mem_perc_free_experiment-syncmesh-with-latency-3-client-instance,mem_perc_slab_experiment-syncmesh-with-latency-3-client-instance,mem_perc_used_experiment-syncmesh-with-latency-3-client-instance,cpu_util_experiment-syncmesh-with-latency-3-test-orchestrator,io_read_experiment-syncmesh-with-latency-3-test-orchestrator,io_write_experiment-syncmesh-with-latency-3-test-orchestrator,iops_read_experiment-syncmesh-with-latency-3-test-orchestrator,iops_write_experiment-syncmesh-with-latency-3-test-orchestrator,mem_buffered_experiment-syncmesh-with-latency-3-test-orchestrator,mem_cached_experiment-syncmesh-with-latency-3-test-orchestrator,mem_free_experiment-syncmesh-with-latency-3-test-orchestrator,mem_slab_experiment-syncmesh-with-latency-3-test-orchestrator,mem_used_experiment-syncmesh-with-latency-3-test-orchestrator,mem_perc_buffered_experiment-syncmesh-with-latency-3-test-orchestrator,mem_perc_cached_experiment-syncmesh-with-latency-3-test-orchestrator,mem_perc_free_experiment-syncmesh-with-latency-3-test-orchestrator,mem_perc_slab_experiment-syncmesh-with-latency-3-test-orchestrator,mem_perc_used_experiment-syncmesh-with-latency-3-test-orchestrator
2021-09-29 21:14:00,0.02018571928428893,0.0,0.0,0.0,0.0,59273216.0,2867433472.0,286621696.0,190853120.0,451133440.0,1.537442,74.376115,7.434456,4.95039,11.701598,0.021483419538609876,0.0,0.0,0.0,0.0,58687488.0,2867367936.0,294510592.0,192053248.0,442703872.0,1.522246,74.374257,7.639064,4.981508,11.482925,0.018314714149922414,0.0,0.0,0.0,0.0,59097088.0,2871865344.0,261992448.0,192425984.0,469934080.0,1.532873,74.49107,6.795617,4.991187,12.189253,0.0022799725318909244,0.0,0.0,0.0,0.0,43053056.0,1579139072.0,1990078464.0,117899264.0,125145088.0,1.11672,40.960054,51.619089,3.058097,3.246041,0.0025211124077607395,0.0,0.0,0.0,0.0,30597120.0,639524864.0,2977579008.0,76029952.0,131584000.0,0.793635,16.588135,77.233094,1.972081,3.413054
2021-09-29 21:13:00,0.020313423463805217,0.0,0.0,0.0,0.0,59195392.0,2867343360.0,286846976.0,190832640.0,451096576.0,1.535423,74.373778,7.440299,4.949859,11.700641,0.02123949362291692,0.0,0.0,0.0,0.0,58630144.0,2867347456.0,294178816.0,192073728.0,443092992.0,1.520758,74.373726,7.630458,4.98204,11.493018,0.019050298457239972,0.0,0.0,0.0,0.0,59023360.0,2871754752.0,262250496.0,192421888.0,469864448.0,1.530961,74.488201,6.802311,4.991081,12.187447,0.0022607234605118267,0.0,0.0,0.0,0.0,43048960.0,1579134976.0,1989849088.0,117899264.0,125382656.0,1.116613,40.959947,51.61314,3.058097,3.252203,0.002360088071168557,0.0,0.0,0.0,0.0,30580736.0,639471616.0,2977447936.0,76029952.0,131784704.0,0.79321,16.586754,77.229694,1.972081,3.41826
2021-09-29 21:12:00,0.02024146255938272,0.0,0.0,0.0,0.0,59146240.0,2867318784.0,287072256.0,190820352.0,450957312.0,1.534148,74.37314,7.446143,4.94954,11.697029,0.019308509496757626,0.0,0.0,0.0,0.0,58548224.0,2867318784.0,294567936.0,192020480.0,442867712.0,1.518633,74.372982,7.640551,4.980659,11.487175,0.01823117409998834,0.0,0.0,0.0,0.0,58937344.0,2871730176.0,262766592.0,192413696.0,469467136.0,1.52873,74.487564,6.815697,4.990868,12.177141,0.0021320502056871265,0.0,0.0,0.0,0.0,43048960.0,1579134976.0,1989586944.0,117899264.0,125644800.0,1.116613,40.959947,51.60634,3.058097,3.259002,0.0024328144679860958,0.0,0.0,0.0,0.0,30580736.0,639471616.0,2977284096.0,76029952.0,131948544.0,0.79321,16.586754,77.225444,1.972081,3.42251
2021-09-29 21:11:00,0.021215935894342407,0.0,0.0,0.0,0.0,59088896.0,2867286016.0,286814208.0,190824448.0,451301376.0,1.532661,74.37229,7.439449,4.949646,11.705954,0.020523952631982922,0.0,0.0,0.0,0.0,58474496.0,2867257344.0,294277120.0,192032768.0,443281408.0,1.516721,74.371388,7.633008,4.980977,11.497905,0.018112646278781123,0.0,0.0,0.0,0.0,58863616.0,2871701504.0,262283264.0,192430080.0,470036480.0,1.526817,74.48682,6.803161,4.991293,12.191909,0.002359799521769901,0.0,0.0,0.0,0.0,43048960.0,1579134976.0,1989390336.0,117899264.0,125841408.0,1.116613,40.959947,51.60124,3.058097,3.264102,0.0027222646861905747,0.0,0.0,0.0,0.0,30572544.0,639471616.0,2977247232.0,76029952.0,131993600.0,0.792997,16.586754,77.224488,1.972081,3.423679
2021-09-29 21:10:00,0.021480268313113983,0.0,0.0,0.0,0.0,59019264.0,2867269632.0,284975104.0,190844928.0,453206016.0,1.530855,74.371865,7.391746,4.950177,11.755357,0.026121534585916113,0.0,0.0,0.0,0.0,58376192.0,2867236864.0,292732928.0,192036864.0,444940288.0,1.514171,74.370857,7.592954,4.981083,11.540934,0.01769686309703123,0.0,0.0,0.0,0.0,58781696.0,2871681024.0,259936256.0,192434176.0,472481792.0,1.524692,74.486289,6.742283,4.9914,12.255336,0.002785739164051885,0.0,0.0,0.0,0.0,43028480.0,1579139072.0,1987121152.0,117932032.0,128094208.0,1.116082,40.960054,51.542382,3.058947,3.322536,0.020254832815075712,0.0,0.0,0.0,0.0,30556160.0,639475712.0,2974760960.0,76021760.0,134500352.0,0.792572,16.586861,77.159999,1.971869,3.488699
2021-09-29 21:09:00,0.03644990567304518,0.0,0.0,0.0,0.0,58941440.0,2867224576.0,285265920.0,190840832.0,453042176.0,1.528836,74.370696,7.39929,4.950071,11.751107,0.07006624633022558,0.0,0.0,0.0,0.0,58298368.0,2867195904.0,292990976.0,192004096.0,444833792.0,1.512153,74.369795,7.599648,4.980234,11.538171,0.05368756412935672,0.0,0.0,0.0,0.0,58707968.0,2871635968.0,260485120.0,192421888.0,472064000.0,1.52278,74.48512,6.75652,4.991081,12.244499,0.04674810750653127,0.0,0.0,0.0,0.0,43028480.0,1579139072.0,1986891776.0,117932032.0,128323584.0,1.116082,40.960054,51.536432,3.058947,3.328485,0.030100922925217568,0.0,0.0,0.0,0.0,30556160.0,639475712.0,2974498816.0,76025856.0,134758400.0,0.792572,16.586861,77.153199,1.971975,3.495393
2021-09-29 21:08:00,0.0545673517520522,0.0,0.0,0.0,0.0,58880000.0,2867204096.0,285265920.0,190840832.0,453124096.0,1.527242,74.370165,7.39929,4.950071,11.753232,0.021560056531185503,0.0,0.0,0.0,0.0,58220544.0,2867171328.0,293507072.0,192004096.0,444420096.0,1.510134,74.369157,7.613034,4.980234,11.527441,0.029426150613211632,0.0,0.0,0.0,0.0,58626048.0,2871611392.0,261001216.0,192401408.0,471674880.0,1.520655,74.484483,6.769906,4.99055,12.234406,0.02494319036391393,0.0,0.0,0.0,0.0,43028480.0,1579139072.0,1986760704.0,117927936.0,128458752.0,1.116082,40.960054,51.533033,3.058841,3.331991,0.0021175580781867135,0.0,0.0,0.0,0.0,30547968.0,639475712.0,2974367744.0,76025856.0,134897664.0,0.79236,16.586861,77.149799,1.971975,3.499005
2021-09-29 21:07:00,0.02072589831569568,0.0,0.0,0.0,0.0,58822656.0,2867179520.0,285523968.0,190828544.0,452960256.0,1.525755,74.369528,7.405983,4.949752,11.748982,0.022211700493105488,0.0,0.0,0.0,0.0,58142720.0,2867146752.0,293249024.0,192004096.0,444780544.0,1.508115,74.36852,7.606341,4.980234,11.53679,0.01799794220730983,0.0,0.0,0.0,0.0,58576896.0,2871586816.0,261001216.0,192425984.0,471724032.0,1.51938,74.483845,6.769906,4.991187,12.235681,0.0022919777680887893,0.0,0.0,0.0,0.0,43028480.0,1579139072.0,1986531328.0,117927936.0,128688128.0,1.116082,40.960054,51.527083,3.058841,3.337941,0.002444233961648005,0.0,0.0,0.0,0.0,30539776.0,639475712.0,2974138368.0,76025856.0,135135232.0,0.792147,16.586861,77.14385,1.971975,3.505167
2021-09-29 21:06:00,0.02093232597744314,0.0,0.0,0.0,0.0,58740736.0,2867150848.0,285265920.0,190857216.0,453300224.0,1.52363,74.368784,7.39929,4.950496,11.7578,0.023728937298030436,0.0,0.0,0.0,0.0,58064896.0,2867118080.0,293507072.0,191995904.0,444637184.0,1.506097,74.367776,7.613034,4.980021,11.533072,0.018326769340779,0.0,0.0,0.0,0.0,58490880.0,2871558144.0,261001216.0,192385024.0,471879680.0,1.517149,74.483102,6.769906,4.990125,12.239718,0.0021656642117809117,0.0,0.0,0.0,0.0,43020288.0,1579139072.0,1986334720.0,117907456.0,128913408.0,1.11587,40.960054,51.521983,3.058309,3.343784,0.0023813666159445764,0.0,0.0,0.0,0.0,30507008.0,639471616.0,2974134272.0,76054528.0,135147520.0,0.791297,16.586754,77.143744,1.972719,3.505486
2021-09-29 21:05:00,0.020790405639049443,0.0,0.0,0.0,0.0,58642432.0,2867113984.0,287531008.0,190902272.0,451125248.0,1.52108,74.367828,7.458042,4.951665,11.701385,0.020235397234952757,0.0,0.0,0.0,0.0,57987072.0,2867085312.0,296067072.0,192004096.0,442179584.0,1.504078,74.366926,7.679436,4.980234,11.469326,0.019081110736071594,0.0,0.0,0.0,0.0,58400768.0,2871398400.0,263856128.0,192360448.0,469299200.0,1.514812,74.478958,6.843958,4.989487,12.172785,0.002134586656584266,0.0,0.0,0.0,0.0,43003904.0,1578999808.0,1988468736.0,117932032.0,126910464.0,1.115445,40.956441,51.577336,3.058947,3.291831,0.0021657729204683563,0.0,0.0,0.0,0.0,30461952.0,639463424.0,2976624640.0,76128256.0,132636672.0,0.790129,16.586542,77.208339,1.974631,3.440359
2021-09-29 21:04:00,0.020445990508682618,0.0,0.0,0.0,0.0,58593280.0,2867073024.0,288047104.0,190894080.0,450707456.0,1.519805,74.366766,7.471429,4.951452,11.690548,0.019730951682860126,0.0,0.0,0.0,0.0,57925632.0,2867044352.0,296079360.0,191983616.0,442290176.0,1.502484,74.365864,7.679755,4.979702,11.472195,0.019203200257526493,0.0,0.0,0.0,0.0,58318848.0,2871357440.0,263372800.0,192339968.0,469925888.0,1.512687,74.477896,6.831421,4.988956,12.18904,0.002305068847192615,0.0,0.0,0.0,0.0,43003904.0,1578999808.0,1988046848.0,117932032.0,127332352.0,1.115445,40.956441,51.566393,3.058947,3.302774,0.0024081482234362757,0.0,0.0,0.0,0.0,30461952.0,639463424.0,2976460800.0,76128256.0,132800512.0,0.790129,16.586542,77.20409,1.974631,3.444609
2021-09-29 21:03:00,0.020447291986464694,0.0,0.0,0.0,0.0,58519552.0,2866962432.0,288272384.0,190914560.0,450646016.0,1.517893,74.363897,7.477272,4.951984,11.688955,0.021276240160225748,0.0,0.0,0.0,0.0,57856000.0,2867019776.0,295825408.0,191967232.0,442654720.0,1.500678,74.365226,7.673168,4.979277,11.48165,0.02062705828987911,0.0,0.0,0.0,0.0,58245120.0,2871328768.0,264146944.0,192344064.0,469250048.0,1.510775,74.477152,6.851501,4.989062,12.17151,0.0024130569754684454,0.0,0.0,0.0,0.0,43003904.0,1578999808.0,1987784704.0,117936128.0,127590400.0,1.115445,40.956441,51.559593,3.059053,3.309468,0.0025820765314946924,0.0,0.0,0.0,0.0,30445568.0,639467520.0,2973753344.0,76193792.0,135454720.0,0.789704,16.586648,77.133863,1.976331,3.513454
2021-09-29 21:02:00,0.02175990039271767,0.0,0.0,0.0,0.0,58454016.0,2866937856.0,288530432.0,190898176.0,450494464.0,1.516193,74.363259,7.483965,4.951559,11.685024,0.024662373252197275,0.0,0.0,0.0,0.0,57806848.0,2866995200.0,295825408.0,191995904.0,442699776.0,1.499403,74.364589,7.673168,4.980021,11.482819,0.01972297211766687,0.0,0.0,0.0,0.0,58179584.0,2871304192.0,264146944.0,192360448.0,469323776.0,1.509075,74.476514,6.851501,4.989487,12.173422,0.0022640102534850826,0.0,0.0,0.0,0.0,43003904.0,1578999808.0,1987588096.0,117936128.0,127787008.0,1.115445,40.956441,51.554494,3.059053,3.314567,0.29280914993107887,0.0,0.0,0.0,0.0,30445568.0,639467520.0,2973589504.0,76193792.0,135618560.0,0.789704,16.586648,77.129613,1.976331,3.517704
2021-09-29 21:01:00,0.029041031553850398,0.0,0.0,0.0,0.0,58396672.0,2866909184.0,288530432.0,190902272.0,450576384.0,1.514706,74.362516,7.483965,4.951665,11.687149,0.04709458107707197,0.0,0.0,0.0,0.0,57737216.0,2866966528.0,295612416.0,191963136.0,443043840.0,1.497597,74.363845,7.667643,4.979171,11.491743,0.03826528880391038,0.0,0.0,0.0,0.0,58118144.0,2871275520.0,264663040.0,192335872.0,468922368.0,1.507481,74.475771,6.864888,4.98885,12.163011,0.013429634391476479,0.0,0.0,0.0,0.0,42991616.0,1578999808.0,1987424256.0,117936128.0,127963136.0,1.115126,40.956441,51.550244,3.059053,3.319136,0.4655305551654943,0.0,0.0,0.0,0.0,30445568.0,639467520.0,2973425664.0,76193792.0,135782400.0,0.789704,16.586648,77.125363,1.976331,3.521954
2021-09-29 21:00:00,0.032887247446472166,0.0,0.0,0.0,0.0,58322944.0,2866888704.0,286433280.0,191000576.0,452669440.0,1.512793,74.361985,7.429569,4.954215,11.741439,0.02755223104096037,0.0,0.0,0.0,0.0,57667584.0,2866946048.0,294031360.0,192065536.0,444612608.0,1.495791,74.363314,7.626633,4.981827,11.532434,0.02614053879394286,0.0,0.0,0.0,0.0,58032128.0,2871255040.0,261693440.0,192512000.0,471822336.0,1.50525,74.47524,6.787862,4.993418,12.238231,0.013461534138777154,0.0,0.0,0.0,0.0,42983424.0,1579003904.0,1984856064.0,117997568.0,130473984.0,1.114913,40.956548,51.48363,3.060647,3.384263,0.026057133729581492,0.0,0.0,0.0,0.0,30437376.0,639467520.0,2973196288.0,76193792.0,136019968.0,0.789491,16.586648,77.119414,1.976331,3.528116
2021-09-29 20:59:00,0.034835619952127674,0.0,0.0,0.0,0.0,58257408.0,2866847744.0,286949376.0,191004672.0,452255744.0,1.511093,74.360922,7.442956,4.954321,11.730708,0.07046987083814286,0.0,0.0,0.0,0.0,57597952.0,2866900992.0,294031360.0,192053248.0,444739584.0,1.493985,74.362145,7.626633,4.981508,11.535728,0.06079532187378855,0.0,0.0,0.0,0.0,57946112.0,2871214080.0,262242304.0,192524288.0,471388160.0,1.503019,74.474177,6.802098,4.993737,12.226969,0.05233555909286546,0.0,0.0,0.0,0.0,42983424.0,1579003904.0,1984593920.0,117997568.0,130736128.0,1.114913,40.956548,51.47683,3.060647,3.391062,0.03335677455943286,0.0,0.0,0.0,0.0,30437376.0,639467520.0,2973356032.0,76193792.0,135860224.0,0.789491,16.586648,77.123557,1.976331,3.523972
2021-09-29 20:58:00,0.05983524630249661,0.0,0.0,0.0,0.0,58187776.0,2866823168.0,287199232.0,191016960.0,452087808.0,1.509287,74.360285,7.449436,4.95464,11.726352,0.025534865973592485,0.0,0.0,0.0,0.0,57528320.0,2866876416.0,294289408.0,192032768.0,444596224.0,1.492179,74.361508,7.633327,4.980977,11.532009,0.049764734275368976,0.0,0.0,0.0,0.0,57872384.0,2871189504.0,262242304.0,192528384.0,471482368.0,1.501107,74.47354,6.802098,4.993843,12.229413,0.03399201438787524,0.0,0.0,0.0,0.0,42983424.0,1579003904.0,1984462848.0,117997568.0,130867200.0,1.114913,40.956548,51.47343,3.060647,3.394462,0.002991336110771551,0.0,0.0,0.0,0.0,30408704.0,639467520.0,2973257728.0,76193792.0,135987200.0,0.788748,16.586648,77.121008,1.976331,3.527266
2021-09-29 20:57:00,0.03721180505746844,0.0,0.0,0.0,0.0,58097664.0,2866302976.0,280293376.0,191082496.0,459538432.0,1.50695,74.346792,7.270311,4.956339,11.919608,0.03755683018111711,0.0,0.0,0.0,0.0,57425920.0,2866208768.0,288432128.0,192249856.0,451006464.0,1.489523,74.34419,7.4814,4.986608,11.698279,0.025176933124953393,0.0,0.0,0.0,0.0,57798656.0,2870665216.0,256000000.0,192606208.0,478244864.0,1.499194,74.459941,6.640184,4.995862,12.40482,0.011481001287822323,0.0,0.0,0.0,0.0,42954752.0,1578835968.0,1977098240.0,118108160.0,138317824.0,1.11417,40.952192,51.282405,3.063515,3.587718,0.003835426233106413,0.0,0.0,0.0,0.0,27602944.0,585240576.0,3028713472.0,68788224.0,144969728.0,0.715971,15.180098,78.559431,1.784244,3.760256
2021-09-29 20:56:00,0.020079757204567745,0.0,0.0,0.0,0.0,58015744.0,2866159616.0,280809472.0,191115264.0,459214848.0,1.504825,74.343073,7.283697,4.957189,11.911215,0.02135329214737993,0.0,0.0,0.0,0.0,57348096.0,2866065408.0,288399360.0,192237568.0,451272704.0,1.487504,74.340472,7.48055,4.986289,11.705185,0.019344537852882128,0.0,0.0,0.0,0.0,57712640.0,2870525952.0,256806912.0,192626688.0,477642752.0,1.496963,74.456328,6.661114,4.996393,12.389202,0.005132067534471692,0.0,0.0,0.0,0.0,42917888.0,1578811392.0,1977286656.0,118075392.0,138223616.0,1.113214,40.951554,51.287293,3.062665,3.585274,0.0035890645436208973,0.0,0.0,0.0,0.0,27586560.0,568205312.0,3056672768.0,68268032.0,134582272.0,0.715546,14.738233,79.284645,1.770751,3.490824
2021-09-29 20:55:00,0.02597649402553041,0.0,0.0,0.0,0.0,57896960.0,2865971200.0,283922432.0,191029248.0,456495104.0,1.501744,74.338186,7.364442,4.954958,11.84067,0.022781120624685514,0.0,0.0,0.0,0.0,57253888.0,2865876992.0,290635776.0,192204800.0,449351680.0,1.485061,74.335585,7.538558,4.985439,11.655357,0.03060784780304478,0.0,0.0,0.0,0.0,57622528.0,2870337536.0,258920448.0,192507904.0,475926528.0,1.494626,74.451441,6.715935,4.993312,12.344686,0.010162503646492856,0.0,0.0,0.0,0.0,42848256.0,1578754048.0,1979027456.0,118022144.0,136663040.0,1.111407,40.950067,51.332446,3.061284,3.544796,0.0030295309888408893,0.0,0.0,0.0,0.0,27537408.0,567476224.0,3059269632.0,68239360.0,132792320.0,0.714271,14.719322,79.352003,1.770007,3.444396
2021-09-29 20:54:00,0.03374953144977392,0.0,0.0,0.0,0.0,57798656.0,2864885760.0,291889152.0,190967808.0,449773568.0,1.499194,74.310032,7.571084,4.953365,11.666325,0.03799269407231331,0.0,0.0,0.0,0.0,57184256.0,2864693248.0,298086400.0,192151552.0,443207680.0,1.483255,74.30488,7.731814,4.984058,11.495993,0.025633018339701153,0.0,0.0,0.0,0.0,57536512.0,2869084160.0,266919936.0,192458752.0,469315584.0,1.492395,74.418931,6.923428,4.992037,12.17321,0.01193073042466229,0.0,0.0,0.0,0.0,42774528.0,1578389504.0,1961603072.0,117972992.0,154574848.0,1.109495,40.940611,50.880488,3.060009,4.009396,0.003607764775525387,0.0,0.0,0.0,0.0,27512832.0,567476224.0,3059527680.0,68239360.0,132558848.0,0.713634,14.719322,79.358696,1.770007,3.43834
2021-09-29 20:53:00,0.020941231226327753,0.0,0.0,0.0,0.0,57712640.0,2864742400.0,292147200.0,190992384.0,449720320.0,1.496963,74.306313,7.577778,4.954002,11.664944,0.020811649025045162,0.0,0.0,0.0,0.0,57114624.0,2864545792.0,298635264.0,192163840.0,442863616.0,1.481448,74.301056,7.74605,4.984377,11.487069,0.020628157628371942,0.0,0.0,0.0,0.0,57458688.0,2868936704.0,268210176.0,192450560.0,468258816.0,1.490376,74.415106,6.956894,4.991825,12.145799,0.005255791997544653,0.0,0.0,0.0,0.0,42745856.0,1578356736.0,1978880000.0,117952512.0,137379840.0,1.108751,40.939761,51.328621,3.059478,3.563388,0.003178052853982057,0.0,0.0,0.0,0.0,27488256.0,567472128.0,3059494912.0,68239360.0,132620288.0,0.712996,14.719216,79.357846,1.770007,3.439934
2021-09-29 20:52:00,0.02602646092629802,0.0,0.0,0.0,0.0,57614336.0,2864603136.0,292405248.0,190984192.0,449708032.0,1.494413,74.302701,7.584471,4.95379,11.664625,0.023624984885554076,0.0,0.0,0.0,0.0,57032704.0,2864406528.0,299184128.0,192163840.0,442535936.0,1.479324,74.297443,7.760287,4.984377,11.478569,0.019442605511877292,0.0,0.0,0.0,0.0,57380864.0,2868797440.0,267177984.0,192462848.0,469495808.0,1.488357,74.411494,6.930121,4.992143,12.177885,0.0028619934768064088,0.0,0.0,0.0,0.0,42729472.0,1578328064.0,1978818560.0,117936128.0,137502720.0,1.108326,40.939018,51.327027,3.059053,3.566576,0.0032352267407426655,0.0,0.0,0.0,0.0,27463680.0,567472128.0,3059560448.0,68239360.0,132579328.0,0.712359,14.719216,79.359546,1.770007,3.438872
2021-09-29 20:51:00,0.03315879757000222,0.0,0.0,0.0,0.0,57516032.0,2864168960.0,292888576.0,190951424.0,449789952.0,1.491863,74.291439,7.597008,4.95294,11.66675,0.036634224282875986,0.0,0.0,0.0,0.0,56963072.0,2864078848.0,299859968.0,192135168.0,442286080.0,1.477517,74.288944,7.777817,4.983633,11.472088,0.03155205259109124,0.0,0.0,0.0,0.0,57249792.0,2868129792.0,268918784.0,192405504.0,468611072.0,1.484958,74.394176,6.975274,4.990656,12.154936,0.010237142635884785,0.0,0.0,0.0,0.0,42704896.0,1578311680.0,1978621952.0,117936128.0,137740288.0,1.107689,40.938593,51.321928,3.059053,3.572738,0.0036539575438110225,0.0,0.0,0.0,0.0,27455488.0,567472128.0,3059752960.0,68239360.0,132395008.0,0.712146,14.719216,79.36454,1.770007,3.434091
2021-09-29 20:50:00,0.0376659364434417,0.0,0.0,0.0,0.0,57421824.0,2863468544.0,295243776.0,190955520.0,448225280.0,1.48942,74.273272,7.658097,4.953046,11.626165,0.03466714431766415,0.0,0.0,0.0,0.0,56844288.0,2863149056.0,300810240.0,192135168.0,442384384.0,1.474436,74.264827,7.802465,4.983633,11.474638,0.023827595724781738,0.0,0.0,0.0,0.0,57159680.0,2867601408.0,270282752.0,192450560.0,467820544.0,1.48262,74.380471,7.010653,4.991825,12.134431,0.013285488406697727,0.0,0.0,0.0,0.0,42614784.0,1578270720.0,1975459840.0,117952512.0,141017088.0,1.105352,40.93753,51.239908,3.059478,3.657732,0.03834456125018898,0.0,0.0,0.0,0.0,27430912.0,567472128.0,3057471488.0,68222976.0,134717440.0,0.711509,14.719216,79.305362,1.769582,3.49433
2021-09-29 20:49:00,0.07424940097518089,0.0,0.0,0.0,0.0,57323520.0,2863316992.0,294727680.0,191008768.0,448937984.0,1.48687,74.269341,7.644711,4.954427,11.644651,0.12969366881806177,0.0,0.0,0.0,0.0,56762368.0,2862993408.0,301293568.0,192192512.0,442081280.0,1.472312,74.26079,7.815002,4.985121,11.466776,0.0991225476313796,0.0,0.0,0.0,0.0,57069568.0,2867449856.0,270282752.0,192475136.0,468037632.0,1.480283,74.37654,7.010653,4.992462,12.140062,0.08541710484119894,0.0,0.0,0.0,0.0,42569728.0,1578242048.0,1975590912.0,117948416.0,140963840.0,1.104183,40.936787,51.243308,3.059372,3.656351,0.0589965391635797,0.0,0.0,0.0,0.0,27414528.0,567472128.0,3057082368.0,68222976.0,135122944.0,0.711084,14.719216,79.295269,1.769582,3.504848
2021-09-29 20:48:00,0.059134815627848995,0.0,0.0,0.0,0.0,57233408.0,2863161344.0,295792640.0,190963712.0,448163840.0,1.484533,74.265303,7.672334,4.953258,11.624571,0.039648863335520444,0.0,0.0,0.0,0.0,56676352.0,2862845952.0,302325760.0,192163840.0,441311232.0,1.47008,74.256965,7.841775,4.984377,11.446803,0.05865619229677795,0.0,0.0,0.0,0.0,56983552.0,2867294208.0,270798848.0,192471040.0,467767296.0,1.478052,74.372503,7.02404,4.992356,12.13305,0.0510509617043122,0.0,0.0,0.0,0.0,42528768.0,1578229760.0,1975201792.0,117944320.0,141410304.0,1.10312,40.936468,51.233215,3.059266,3.667931,0.003064214015227288,0.0,0.0,0.0,0.0,27414528.0,567472128.0,3057111040.0,68218880.0,135098368.0,0.711084,14.719216,79.296013,1.769476,3.504211
2021-09-29 20:47:00,0.026488217017410894,0.0,0.0,0.0,0.0,57126912.0,2862055424.0,299114496.0,190996480.0,446021632.0,1.48177,74.236618,7.758497,4.954108,11.569006,0.02254336395424919,0.0,0.0,0.0,0.0,56594432.0,2861944832.0,304132096.0,192139264.0,440512512.0,1.467956,74.233592,7.888628,4.98374,11.426085,0.022926737802078396,0.0,0.0,0.0,0.0,56885248.0,2866126848.0,272797696.0,192495616.0,467009536.0,1.475502,74.342223,7.075886,4.992993,12.113395,0.01156878022106369,0.0,0.0,0.0,0.0,42455040.0,1578180608.0,1975087104.0,117944320.0,141647872.0,1.101208,40.935193,51.23024,3.059266,3.674093,0.0032085806262102776,0.0,0.0,0.0,0.0,27381760.0,567336960.0,3057074176.0,68218880.0,135303168.0,0.710234,14.71571,79.295057,1.769476,3.509523
2021-09-29 20:46:00,0.020486715179602773,0.0,0.0,0.0,0.0,57028608.0,2861916160.0,299339776.0,190935040.0,446095360.0,1.47922,74.233006,7.76434,4.952515,11.570919,0.023299713568662145,0.0,0.0,0.0,0.0,56496128.0,2861793280.0,304422912.0,192094208.0,440516608.0,1.465406,74.229661,7.896171,4.982571,11.426192,0.0186607411621722,0.0,0.0,0.0,0.0,56811520.0,2865967104.0,273313792.0,192471040.0,466751488.0,1.47359,74.33808,7.089273,4.992356,12.106702,0.005057970212647689,0.0,0.0,0.0,0.0,42409984.0,1578151936.0,1974800384.0,117936128.0,142016512.0,1.100039,40.934449,51.222803,3.059053,3.683655,0.0030490573211970685,0.0,0.0,0.0,0.0,27348992.0,567336960.0,3056648192.0,68235264.0,135745536.0,0.709384,14.71571,79.284008,1.769901,3.520997
2021-09-29 20:45:00,0.06723330774246582,0.0,0.0,0.0,0.0,56922112.0,2861719552.0,302534656.0,190849024.0,443289600.0,1.476458,74.227906,7.84721,4.950284,11.498142,0.05773844490617487,0.0,0.0,0.0,0.0,56414208.0,2861604864.0,307015680.0,192069632.0,438218752.0,1.463281,74.224773,7.963423,4.981933,11.366589,0.14334882106902047,0.0,0.0,0.0,0.0,56717312.0,2865655808.0,276393984.0,192479232.0,464068608.0,1.471146,74.330005,7.169167,4.992568,12.037113,0.005999691056069641,0.0,0.0,0.0,0.0,42348544.0,1577955328.0,1976426496.0,117886976.0,140697600.0,1.098446,40.92935,51.264982,3.057778,3.649445,0.002837273095893404,0.0,0.0,0.0,0.0,27328512.0,567242752.0,3058323456.0,68235264.0,134184960.0,0.708853,14.713266,79.327461,1.769901,3.480519
2021-09-29 20:44:00,0.1368008640557657,0.0,0.0,0.0,0.0,56819712.0,2860539904.0,304898048.0,190787584.0,442269696.0,1.473802,74.197308,7.908512,4.94869,11.471688,0.17883366214987953,0.0,0.0,0.0,0.0,56344576.0,2860621824.0,307855360.0,191979520.0,438521856.0,1.461475,74.199275,7.985203,4.979596,11.374451,0.23662967660497666,0.0,0.0,0.0,0.0,56619008.0,2864599040.0,277983232.0,192397312.0,463716352.0,1.468596,74.302595,7.21039,4.990443,12.027976,0.014034441163539668,0.0,0.0,0.0,0.0,42303488.0,1577914368.0,1976201216.0,117878784.0,141017088.0,1.097277,40.928287,51.259138,3.057566,3.657732,0.003234104427683822,0.0,0.0,0.0,0.0,27303936.0,567238656.0,3058061312.0,68235264.0,134475776.0,0.708215,14.71316,79.320661,1.769901,3.488062
2021-09-29 20:43:00,0.04376301140879993,0.0,0.0,0.0,0.0,56721408.0,2860388352.0,304607232.0,190799872.0,442798080.0,1.471252,74.193377,7.900969,4.949009,11.485393,0.025237285585684315,0.0,0.0,0.0,0.0,56258560.0,2860445696.0,308015104.0,191991808.0,438611968.0,1.459244,74.194707,7.989346,4.979915,11.376789,0.07984738160211056,0.0,0.0,0.0,0.0,56524800.0,2864451584.0,278016000.0,192401408.0,463921152.0,1.466153,74.29877,7.21124,4.99055,12.033288,0.012708016708284002,0.0,0.0,0.0,0.0,42283008.0,1577881600.0,1976057856.0,117882880.0,141209600.0,1.096746,40.927437,51.25542,3.057672,3.662725,0.003433343650368433,0.0,0.0,0.0,0.0,27287552.0,567238656.0,3057733632.0,68235264.0,134819840.0,0.70779,14.71316,79.312162,1.769901,3.496986
2021-09-29 20:42:00,0.02028523942509395,0.0,0.0,0.0,0.0,56619008.0,2860240896.0,305631232.0,190795776.0,442028032.0,1.468596,74.189552,7.92753,4.948902,11.46542,0.023313775788669014,0.0,0.0,0.0,0.0,56184832.0,2860298240.0,308133888.0,192020480.0,438685696.0,1.457331,74.190882,7.992427,4.980659,11.378701,0.019441031752174355,0.0,0.0,0.0,0.0,56430592.0,2864300032.0,277983232.0,192405504.0,464195584.0,1.463709,74.294839,7.21039,4.990656,12.040406,0.005302615099980794,0.0,0.0,0.0,0.0,42250240.0,1577869312.0,1975996416.0,117882880.0,141316096.0,1.095896,40.927118,51.253826,3.057672,3.665488,0.0036102705359216,0.0,0.0,0.0,0.0,27279360.0,567238656.0,3057373184.0,68235264.0,135188480.0,0.707578,14.71316,79.302813,1.769901,3.506548
2021-09-29 20:41:00,0.053065200439145595,0.0,0.0,0.0,0.0,56528896.0,2859229184.0,307212288.0,190746624.0,441597952.0,1.466259,74.16331,7.968539,4.947628,11.454264,0.03529874807847288,0.0,0.0,0.0,0.0,56119296.0,2858934272.0,310063104.0,191950848.0,438255616.0,1.455631,74.155503,8.042467,4.978852,11.367546,0.09257984717174139,0.0,0.0,0.0,0.0,56332288.0,2861944832.0,281300992.0,192323584.0,463413248.0,1.461159,74.233749,7.296446,4.988531,12.020114,0.0052312881951635855,0.0,0.0,0.0,0.0,42192896.0,1577803776.0,1943134208.0,117977088.0,174206976.0,1.094409,40.925419,50.401439,3.060115,4.518619,0.0034454208695982183,0.0,0.0,0.0,0.0,27254784.0,567238656.0,3057143808.0,68239360.0,135438336.0,0.706941,14.71316,79.296863,1.770007,3.513029
2021-09-29 20:40:00,0.09342778452401367,0.0,0.0,0.0,0.0,56438784.0,2856595456.0,323018752.0,190681088.0,428580864.0,1.463921,74.094996,8.378531,4.945928,11.116624,0.1304829962677753,0.0,0.0,0.0,0.0,56020992.0,2856624128.0,324759552.0,191913984.0,426004480.0,1.453082,74.095582,8.423666,4.977896,11.049774,0.13061715101765922,0.0,0.0,0.0,0.0,56254464.0,2858328064.0,311418880.0,192200704.0,437112832.0,1.459141,74.139937,8.077651,4.985344,11.337928,0.012244957266812406,0.0,0.0,0.0,0.0,42094592.0,1577480192.0,1977495552.0,117907456.0,140337152.0,1.091859,40.917025,51.292711,3.058309,3.640096,0.019833249180297823,0.0,0.0,0.0,0.0,27246592.0,567242752.0,3054800896.0,68276224.0,137748480.0,0.706728,14.713266,79.236092,1.770964,3.57295
2021-09-29 20:39:00,0.03587811490055325,0.0,0.0,0.0,0.0,56356864.0,2856439808.0,323629056.0,190709760.0,428179456.0,1.461797,74.090959,8.394361,4.946671,11.106212,0.07424997642963736,0.0,0.0,0.0,0.0,55943168.0,2856456192.0,325533696.0,191930368.0,425459712.0,1.451063,74.091226,8.443746,4.978321,11.035643,0.08445613725692311,0.0,0.0,0.0,0.0,56160256.0,2858172416.0,311676928.0,192237568.0,437067776.0,1.456697,74.1359,8.084344,4.9863,11.336759,0.055924939806198636,0.0,0.0,0.0,0.0,42078208.0,1577443328.0,1977249792.0,117886976.0,140656640.0,1.091434,40.916069,51.286336,3.057778,3.648383,0.03019635541261536,0.0,0.0,0.0,0.0,27230208.0,567242752.0,3054665728.0,68276224.0,137900032.0,0.706303,14.713266,79.232586,1.770964,3.576881
2021-09-29 20:38:00,0.05396360021755981,0.0,0.0,0.0,0.0,56270848.0,2856292352.0,323338240.0,190713856.0,428699648.0,1.459566,74.087134,8.386818,4.946778,11.119705,0.02687837071297944,0.0,0.0,0.0,0.0,55873536.0,2856316928.0,325758976.0,191918080.0,425455616.0,1.449257,74.087614,8.449589,4.978002,11.035537,0.032422184577132876,0.0,0.0,0.0,0.0,56094720.0,2858024960.0,312193024.0,192217088.0,436785152.0,1.454997,74.132075,8.097731,4.985769,11.329429,0.027526043937603835,0.0,0.0,0.0,0.0,42053632.0,1577426944.0,1976958976.0,117903360.0,140972032.0,1.090796,40.915644,51.278793,3.058203,3.656563,0.003114643744834448,0.0,0.0,0.0,0.0,27222016.0,567107584.0,3054211072.0,68276224.0,138498048.0,0.706091,14.70976,79.220793,1.770964,3.592393
2021-09-29 20:37:00,0.040667926380893483,0.0,0.0,0.0,0.0,56180736.0,2855354368.0,324755456.0,190660608.0,428363776.0,1.457228,74.062804,8.423578,4.945396,11.110993,0.050659104150949,0.0,0.0,0.0,0.0,55783424.0,2855428096.0,327725056.0,191864832.0,424521728.0,1.44692,74.064559,8.500586,4.976621,11.011314,0.11915206486411402,0.0,0.0,0.0,0.0,56020992.0,2856534016.0,314265600.0,192143360.0,436350976.0,1.453085,74.093402,8.15149,4.983856,11.318167,0.011688366002183889,0.0,0.0,0.0,0.0,42016768.0,1577410560.0,1952112640.0,117960704.0,165814272.0,1.08984,40.915219,50.634323,3.05969,4.300927,0.003006713758675872,0.0,0.0,0.0,0.0,27197440.0,567099392.0,3054436352.0,68276224.0,138305536.0,0.705453,14.709548,79.226636,1.770964,3.587399
2021-09-29 20:36:00,0.06498310489627433,0.0,0.0,0.0,0.0,56074240.0,2853543936.0,337047552.0,190611456.0,418037760.0,1.454466,74.015845,8.742413,4.944122,10.843155,0.06642484672626901,0.0,0.0,0.0,0.0,55697408.0,2853625856.0,338341888.0,191791104.0,415866880.0,1.444688,74.017813,8.775967,4.974709,10.786823,0.05446945339485912,0.0,0.0,0.0,0.0,55943168.0,2854109184.0,324841472.0,192077824.0,428343296.0,1.451066,74.030507,8.425809,4.982156,11.110462,0.012454943725588426,0.0,0.0,0.0,0.0,41975808.0,1577127936.0,1981554688.0,117886976.0,136769536.0,1.088778,40.907888,51.397998,3.057778,3.547558,0.003507920619431933,0.0,0.0,0.0,0.0,27164672.0,567099392.0,3054211072.0,68268032.0,138571776.0,0.704603,14.709548,79.220793,1.770751,3.594305
2021-09-29 20:35:00,0.021280072762113397,0.0,0.0,0.0,0.0,55955456.0,2853224448.0,340193280.0,190521344.0,415420416.0,1.451385,74.007558,8.824008,4.941784,10.775265,0.020395299958356834,0.0,0.0,0.0,0.0,55595008.0,2853306368.0,341508096.0,191741952.0,413171712.0,1.442032,74.009526,8.858093,4.973434,10.716915,0.020790887985338694,0.0,0.0,0.0,0.0,55844864.0,2853752832.0,327385088.0,192061440.0,426270720.0,1.448516,74.021263,8.491786,4.981732,11.056703,0.005137062570576726,0.0,0.0,0.0,0.0,41926656.0,1576796160.0,1983549440.0,117846016.0,135196672.0,1.087503,40.899283,51.449738,3.056716,3.506761,0.003402239764190895,0.0,0.0,0.0,0.0,27131904.0,567087104.0,3056529408.0,68243456.0,136323072.0,0.703753,14.709229,79.280927,1.770114,3.535978
2021-09-29 20:34:00,0.028205946218871247,0.0,0.0,0.0,0.0,55865344.0,2853060608.0,340193280.0,190517248.0,415678464.0,1.449047,74.003308,8.824008,4.941678,10.781959,0.02531330924971371,0.0,0.0,0.0,0.0,55533568.0,2853146624.0,342249472.0,191741952.0,412651520.0,1.440439,74.005382,8.877323,4.973434,10.703422,0.020508547847057912,0.0,0.0,0.0,0.0,55762944.0,2853597184.0,328445952.0,192036864.0,425472000.0,1.446391,74.017226,8.519303,4.981094,11.035986,0.003379187586561253,0.0,0.0,0.0,0.0,41910272.0,1576783872.0,1983160320.0,117862400.0,135598080.0,1.087078,40.898964,51.439645,3.057141,3.517173,0.0035601045830022807,0.0,0.0,0.0,0.0,27131904.0,567087104.0,3056398336.0,68243456.0,136454144.0,0.703753,14.709229,79.277527,1.770114,3.539377
2021-09-29 20:33:00,0.03812026587636837,0.0,0.0,0.0,0.0,55762944.0,2851409920.0,347426816.0,190455808.0,410259456.0,1.446391,73.960492,9.011633,4.940084,10.641399,0.04557787481836044,0.0,0.0,0.0,0.0,55459840.0,2851426304.0,348508160.0,191713280.0,408215552.0,1.438526,73.96076,9.039661,4.97269,10.588362,0.04525939791749257,0.0,0.0,0.0,0.0,55656448.0,2850963456.0,338251776.0,191950848.0,418492416.0,1.443629,73.948912,8.773648,4.978863,10.854948,0.010178466051184406,0.0,0.0,0.0,0.0,41832448.0,1576685568.0,1961066496.0,117850112.0,157880320.0,1.085059,40.896414,50.866571,3.056822,4.095134,0.003774789806153933,0.0,0.0,0.0,0.0,27115520.0,567087104.0,3056234496.0,68239360.0,136638464.0,0.703328,14.709229,79.273277,1.770007,3.544158
2021-09-29 20:32:00,0.020823050471022005,0.0,0.0,0.0,0.0,55681024.0,2850902016.0,349040640.0,190455808.0,409235456.0,1.444267,73.947318,9.053492,4.940084,10.614839,0.022416255393617728,0.0,0.0,0.0,0.0,55382016.0,2850988032.0,351703040.0,191668224.0,405581824.0,1.436508,73.949392,9.122531,4.971522,10.520047,0.028821655529953222,0.0,0.0,0.0,0.0,55574528.0,2850693120.0,347164672.0,191905792.0,409976832.0,1.441504,73.9419,9.004833,4.977694,10.634068,0.011451480003782185,0.0,0.0,0.0,0.0,41779200.0,1576558592.0,1981751296.0,117825536.0,137400320.0,1.083678,40.893121,51.403097,3.056184,3.563919,0.0033328522141946593,0.0,0.0,0.0,0.0,27099136.0,567087104.0,3056168960.0,68239360.0,136720384.0,0.702903,14.709229,79.271577,1.770007,3.546283
2021-09-29 20:31:00,0.02877091870142105,0.0,0.0,0.0,0.0,55611392.0,2850734080.0,350879744.0,190459904.0,407629824.0,1.44246,73.942962,9.101195,4.940191,10.573191,0.02847205433377695,0.0,0.0,0.0,0.0,55300096.0,2850840576.0,351580160.0,191680512.0,405921792.0,1.434383,73.945568,9.119344,4.97184,10.528866,0.021227610674991598,0.0,0.0,0.0,0.0,55480320.0,2850545664.0,347201536.0,191918080.0,410169344.0,1.439061,73.938075,9.005789,4.978013,10.639062,0.005496604639789618,0.0,0.0,0.0,0.0,41742336.0,1576529920.0,1981673472.0,117837824.0,137531392.0,1.082722,40.892377,51.401079,3.056503,3.567319,0.00474538359892532,0.0,0.0,0.0,0.0,27066368.0,567083008.0,3055648768.0,68239360.0,137277440.0,0.702053,14.709123,79.258084,1.770007,3.560732
2021-09-29 20:30:00,0.03825247197794539,0.0,0.0,0.0,0.0,55238656.0,2850590720.0,349958144.0,190398464.0,409128960.0,1.432792,73.939244,9.077291,4.938597,10.612076,0.06637811090058582,0.0,0.0,0.0,0.0,54915072.0,2850693120.0,349802496.0,191688704.0,408223744.0,1.424396,73.941743,9.073234,4.972053,10.588574,0.03957010306979782,0.0,0.0,0.0,0.0,55136256.0,2850398208.0,346718208.0,191840256.0,411222016.0,1.430136,73.93425,8.993253,4.975994,10.666366,0.017862251386902745,0.0,0.0,0.0,0.0,41549824.0,1576517632.0,1979170816.0,117809152.0,140267520.0,1.077728,40.892058,51.336164,3.055759,3.63829,0.022985944807006338,0.0,0.0,0.0,0.0,26648576.0,567087104.0,3054325760.0,68198400.0,139055104.0,0.691217,14.709229,79.223768,1.768945,3.606842
2021-09-29 20:29:00,0.03472763697531794,0.0,0.0,0.0,0.0,55164928.0,2849394688.0,358367232.0,190214144.0,402173952.0,1.43088,73.908221,9.295407,4.933816,10.431676,0.07599007704109889,0.0,0.0,0.0,0.0,54820864.0,2849374208.0,360239104.0,191537152.0,399351808.0,1.421953,73.907533,9.343941,4.968122,10.358452,0.06541464381222066,0.0,0.0,0.0,0.0,55042048.0,2849046528.0,358117376.0,191680512.0,401428480.0,1.427693,73.89919,9.288927,4.971851,10.412339,0.055698324495451125,0.0,0.0,0.0,0.0,41504768.0,1576456192.0,1978642432.0,117792768.0,140918784.0,1.07656,40.890465,51.322459,3.055335,3.655182,0.03063735037336457,0.0,0.0,0.0,0.0,26624000.0,566956032.0,3054129152.0,68202496.0,139403264.0,0.690579,14.705829,79.218668,1.769051,3.615872
2021-09-29 20:28:00,0.052399783548546,0.0,0.0,0.0,0.0,55103488.0,2849243136.0,359690240.0,190222336.0,401055744.0,1.429286,73.90429,9.329724,4.934028,10.402671,0.02224602467820868,0.0,0.0,0.0,0.0,54763520.0,2849214464.0,359612416.0,191512576.0,400220160.0,1.420465,73.903389,9.327685,4.967484,10.380976,0.033107194790602534,0.0,0.0,0.0,0.0,54956032.0,2848886784.0,358645760.0,191668224.0,401158144.0,1.425462,73.895047,9.302632,4.971532,10.405327,0.025574390866492536,0.0,0.0,0.0,0.0,41459712.0,1576140800.0,1979314176.0,117747712.0,140652544.0,1.075391,40.882284,51.339883,3.054166,3.648276,0.002666062298717738,0.0,0.0,0.0,0.0,26607616.0,566956032.0,3053318144.0,68194304.0,140238848.0,0.690154,14.705829,79.197632,1.768839,3.637546
2021-09-29 20:27:00,0.020253577744114654,0.0,0.0,0.0,0.0,55033856.0,2849095680.0,360263680.0,190214144.0,400707584.0,1.42748,73.900465,9.344598,4.933816,10.393641,0.021670021698818688,0.0,0.0,0.0,0.0,54689792.0,2849071104.0,360550400.0,191528960.0,399482880.0,1.418553,73.899671,9.352015,4.967909,10.361852,0.019397289046110208,0.0,0.0,0.0,0.0,54865920.0,2848612352.0,358936576.0,191684608.0,401215488.0,1.423124,73.887929,9.310175,4.971957,10.406815,0.0024401017214607636,0.0,0.0,0.0,0.0,41426944.0,1576128512.0,1978859520.0,117788672.0,141111296.0,1.074541,40.881965,51.32809,3.055228,3.660176,0.002901126595047761,0.0,0.0,0.0,0.0,26607616.0,566956032.0,3053445120.0,68194304.0,140111872.0,0.690154,14.705829,79.200926,1.768839,3.634252
2021-09-29 20:26:00,0.020741612663166126,0.0,0.0,0.0,0.0,54411264.0,2844422144.0,373108736.0,188899328.0,394473472.0,1.411331,73.779242,9.677776,4.899712,10.231939,0.02179480912207481,0.0,0.0,0.0,0.0,54046720.0,2844057600.0,374603776.0,189964288.0,392650752.0,1.401873,73.76963,9.716534,4.927325,10.184639,0.021587201094650746,0.0,0.0,0.0,0.0,54231040.0,2843926528.0,372555776.0,190324736.0,394276864.0,1.406657,73.766387,9.663433,4.936685,10.226839,0.0023423640394563943,0.0,0.0,0.0,0.0,40857600.0,1571581952.0,1991585792.0,116727808.0,134561792.0,1.059773,40.764035,51.658187,3.027711,3.490293,0.0025730421187182863,0.0,0.0,0.0,0.0,26501120.0,565805056.0,3055796224.0,68128768.0,139083776.0,0.687392,14.675975,79.261909,1.767139,3.607585
2021-09-29 20:25:00,0.021142533893636066,0.0,0.0,0.0,0.0,54321152.0,2844258304.0,374333440.0,188780544.0,393621504.0,1.408994,73.774992,9.709542,4.896631,10.20984,0.02154606781793594,0.0,0.0,0.0,0.0,53936128.0,2844012544.0,373927936.0,189898752.0,393547776.0,1.399004,73.768461,9.699004,4.925625,10.207906,0.020509355297744017,0.0,0.0,0.0,0.0,54124544.0,2841206784.0,377118720.0,190283776.0,392581120.0,1.403894,73.695841,9.781788,4.935622,10.182855,0.0023457878289775635,0.0,0.0,0.0,0.0,40812544.0,1571565568.0,1989476352.0,116940800.0,136519680.0,1.058605,40.763611,51.603472,3.033236,3.541077,0.0027790200662944167,0.0,0.0,0.0,0.0,26468352.0,563118080.0,3060387840.0,68300800.0,137039872.0,0.686542,14.60628,79.381007,1.771601,3.55457
2021-09-29 20:24:00,0.022052581279479,0.0,0.0,0.0,0.0,54255616.0,2844237824.0,374366208.0,188788736.0,393666560.0,1.407294,73.774461,9.710392,4.896843,10.211009,0.02094782694292121,0.0,0.0,0.0,0.0,53882880.0,2844000256.0,374820864.0,189878272.0,392740864.0,1.397623,73.768142,9.722165,4.925094,10.186977,0.0201546357890687,0.0,0.0,0.0,0.0,54063104.0,2841182208.0,377618432.0,190279680.0,392171520.0,1.402301,73.695204,9.794749,4.935516,10.17223,0.002269510559517111,0.0,0.0,0.0,0.0,40812544.0,1571565568.0,1989312512.0,116940800.0,136683520.0,1.058605,40.763611,51.599222,3.033236,3.545327,0.00301989172939597,0.0,0.0,0.0,0.0,26468352.0,563118080.0,3060224000.0,68300800.0,137203712.0,0.686542,14.60628,79.376758,1.771601,3.55882
2021-09-29 20:23:00,0.0715717807607812,0.0,0.0,0.0,0.0,54181888.0,2844200960.0,374980608.0,188772352.0,393179136.0,1.405382,73.773505,9.726329,4.896418,10.198366,0.04167511924235754,0.0,0.0,0.0,0.0,53809152.0,2843963392.0,374857728.0,189861888.0,392830976.0,1.395711,73.767186,9.723121,4.924669,10.189314,0.02134596335358386,0.0,0.0,0.0,0.0,54001664.0,2841141248.0,378683392.0,190275584.0,391213056.0,1.400707,73.694141,9.822372,4.93541,10.14737,0.0023848751349544745,0.0,0.0,0.0,0.0,40812544.0,1571540992.0,1988984832.0,116977664.0,136998912.0,1.058605,40.762973,51.590722,3.034192,3.553508,0.00314056911858754,0.0,0.0,0.0,0.0,26468352.0,563118080.0,3055448064.0,68300800.0,141979648.0,0.686542,14.60628,79.252878,1.771601,3.682699
2021-09-29 20:22:00,0.2149570644264602,0.0,0.0,0.0,0.0,54116352.0,2844176384.0,369471488.0,188854272.0,398696448.0,1.403682,73.772867,9.583432,4.898543,10.341475,0.20830292346269344,0.0,0.0,0.0,0.0,53751808.0,2843926528.0,372989952.0,189952000.0,394702848.0,1.394223,73.76623,9.674674,4.927006,10.237867,0.16968012249534895,0.0,0.0,0.0,0.0,53899264.0,2840784896.0,374902784.0,190230528.0,395497472.0,1.398051,73.684898,9.72431,4.934241,10.2585,0.0032537287273963025,0.0,0.0,0.0,0.0,40796160.0,1571545088.0,1986232320.0,117035008.0,139706368.0,1.05818,40.763079,51.519327,3.03568,3.623734,0.0033497391422012395,0.0,0.0,0.0,0.0,26468352.0,563118080.0,3055316992.0,68296704.0,142114816.0,0.686542,14.60628,79.249479,1.771495,3.686205
2021-09-29 20:21:00,0.41696248267095465,0.0,0.0,0.0,0.0,54042624.0,2844155904.0,368431104.0,188874752.0,399810560.0,1.401769,73.772336,9.556446,4.899075,10.370374,0.34525799571032273,0.0,0.0,0.0,0.0,53698560.0,2843914240.0,374321152.0,189906944.0,393482240.0,1.392842,73.765911,9.709203,4.925837,10.206206,0.3390270908273457,0.0,0.0,0.0,0.0,53809152.0,2840756224.0,366387200.0,190242816.0,404119552.0,1.395714,73.684155,9.503431,4.93456,10.482141,0.2926767208484854,0.0,0.0,0.0,0.0,40796160.0,1571545088.0,1985970176.0,117035008.0,139968512.0,1.05818,40.763079,51.512528,3.03568,3.630534,0.004070404398377174,0.0,0.0,0.0,0.0,26443776.0,563122176.0,3052879872.0,68374528.0,144494592.0,0.685904,14.606386,79.186264,1.773513,3.747932
2021-09-29 20:20:00,0.7014615562525033,0.0,0.0,0.0,0.0,53960704.0,2844143616.0,370995200.0,188874752.0,397340672.0,1.399645,73.772018,9.622954,4.899075,10.306309,0.7162442555027891,0.0,0.0,0.0,0.0,53600256.0,2843897856.0,376123392.0,189919232.0,391782400.0,1.390292,73.765486,9.75595,4.926156,10.162116,0.6813583369727357,0.0,0.0,0.0,0.0,53719040.0,2840748032.0,368238592.0,190246912.0,402362368.0,1.393376,73.683942,9.551453,4.934666,10.436563,0.7617338741193597,0.0,0.0,0.0,0.0,40787968.0,1571545088.0,1986088960.0,117067776.0,139825152.0,1.057967,40.763079,51.515609,3.03653,3.626815,0.28629264666550397,0.0,0.0,0.0,0.0,26435584.0,563122176.0,3053264896.0,68374528.0,144117760.0,0.685692,14.606386,79.196251,1.773513,3.738158
