timestamp,cpu_util_experiment-baseline-with-latency-6-node-instance-2,io_read_experiment-baseline-with-latency-6-node-instance-2,io_write_experiment-baseline-with-latency-6-node-instance-2,iops_read_experiment-baseline-with-latency-6-node-instance-2,iops_write_experiment-baseline-with-latency-6-node-instance-2,cpu_util_experiment-baseline-with-latency-6-node-instance-6,io_read_experiment-baseline-with-latency-6-node-instance-6,io_write_experiment-baseline-with-latency-6-node-instance-6,iops_read_experiment-baseline-with-latency-6-node-instance-6,iops_write_experiment-baseline-with-latency-6-node-instance-6,cpu_util_experiment-baseline-with-latency-6-node-instance-4,io_read_experiment-baseline-with-latency-6-node-instance-4,io_write_experiment-baseline-with-latency-6-node-instance-4,iops_read_experiment-baseline-with-latency-6-node-instance-4,iops_write_experiment-baseline-with-latency-6-node-instance-4,cpu_util_experiment-baseline-with-latency-6-node-instance-3,io_read_experiment-baseline-with-latency-6-node-instance-3,io_write_experiment-baseline-with-latency-6-node-instance-3,iops_read_experiment-baseline-with-latency-6-node-instance-3,iops_write_experiment-baseline-with-latency-6-node-instance-3,cpu_util_experiment-baseline-with-latency-6-node-instance-1,io_read_experiment-baseline-with-latency-6-node-instance-1,io_write_experiment-baseline-with-latency-6-node-instance-1,iops_read_experiment-baseline-with-latency-6-node-instance-1,iops_write_experiment-baseline-with-latency-6-node-instance-1,cpu_util_experiment-baseline-with-latency-6-node-instance-5,io_read_experiment-baseline-with-latency-6-node-instance-5,io_write_experiment-baseline-with-latency-6-node-instance-5,iops_read_experiment-baseline-with-latency-6-node-instance-5,iops_write_experiment-baseline-with-latency-6-node-instance-5,cpu_util_experiment-baseline-with-latency-6-central-server,io_read_experiment-baseline-with-latency-6-central-server,io_write_experiment-baseline-with-latency-6-central-server,iops_read_experiment-baseline-with-latency-6-central-server,iops_write_experiment-baseline-with-latency-6-central-server,cpu_util_experiment-baseline-with-latency-6-client-instance,io_read_experiment-baseline-with-latency-6-client-instance,io_write_experiment-baseline-with-latency-6-client-instance,iops_read_experiment-baseline-with-latency-6-client-instance,iops_write_experiment-baseline-with-latency-6-client-instance,cpu_util_experiment-baseline-with-latency-6-test-orchestrator,io_read_experiment-baseline-with-latency-6-test-orchestrator,io_write_experiment-baseline-with-latency-6-test-orchestrator,iops_read_experiment-baseline-with-latency-6-test-orchestrator,iops_write_experiment-baseline-with-latency-6-test-orchestrator
2021-09-29 11:01:00,0.02390402310777044,0.0,0.0,0.0,0.0,0.009970575819650662,0.0,0.0,0.0,0.0,0.0022247660858899583,0.0,0.0,0.0,0.0,0.026320424580787004,0.0,0.0,0.0,0.0,0.010535966875711247,0.0,0.0,0.0,0.0,0.03258460822832774,0.0,0.0,0.0,0.0,0.007339893412306727,0.0,0.0,0.0,0.0,0.00198108298979965,0.0,0.0,0.0,0.0,0.011325972970748428,0.0,0.0,0.0,0.0
2021-09-29 11:00:00,0.023725330591808338,0.0,0.0,0.0,0.0,0.03660223711895346,0.0,0.0,0.0,0.0,0.04573302599610495,0.0,0.0,0.0,0.0,0.020359852560274304,0.0,0.0,0.0,0.0,0.046190376691121554,0.0,0.0,0.0,0.0,0.021910784414936303,0.0,0.0,0.0,0.0,0.06910017433443442,0.0,0.0,0.0,0.0,0.06483675249273801,0.0,0.0,0.0,0.0,0.025249016713369106,0.0,0.0,0.0,0.0
2021-09-29 10:59:00,0.001700303584113764,0.0,0.0,0.0,0.0,0.0010657911194210594,0.0,0.0,0.0,0.0,0.004900500673339536,0.0,0.0,0.0,0.0,0.004287100112652808,0.0,0.0,0.0,0.0,0.0015221092774093373,0.0,0.0,0.0,0.0,0.0016240954618448693,0.0,0.0,0.0,0.0,0.008746684835457093,0.0,0.0,0.0,0.0,0.004038071679007278,0.0,0.0,0.0,0.0,0.015694103442325986,0.0,0.0,0.0,0.0
2021-09-29 10:58:00,0.001532876418770949,0.0,0.0,0.0,0.0,0.001153586104169809,0.0,0.0,0.0,0.0,0.0013971609355849068,0.0,0.0,0.0,0.0,0.0013936108087103586,0.0,0.0,0.0,0.0,0.001545113377522019,0.0,0.0,0.0,0.0,0.001558579134919095,0.0,0.0,0.0,0.0,0.00730424465585789,0.0,0.0,0.0,0.0,0.0016460577308076078,0.0,0.0,0.0,0.0,0.0016155207837466417,0.0,0.0,0.0,0.0
2021-09-29 10:57:00,0.0012495475038993694,0.0,0.0,0.0,0.0,0.0012002779086330406,0.0,0.0,0.0,0.0,0.0014460232644836423,0.0,0.0,0.0,0.0,0.0014872239166687487,0.0,0.0,0.0,0.0,0.0016304783856000427,0.0,0.0,0.0,0.0,0.0016630023916780108,0.0,0.0,0.0,0.0,0.007231004869067684,0.0,0.0,0.0,0.0,0.0016223738498486757,0.0,0.0,0.0,0.0,0.0019328047264645912,0.0,0.0,0.0,0.0
2021-09-29 10:56:00,0.0014408777828554282,0.0,0.0,0.0,0.0,0.001415659561158596,0.0,0.0,0.0,0.0,0.0015960162489757105,0.0,0.0,0.0,0.0,0.001650674909560242,0.0,0.0,0.0,0.0,0.0016330639729313626,0.0,0.0,0.0,0.0,0.0022147058264910886,0.0,0.0,0.0,0.0,0.007364134329804036,0.0,0.0,0.0,0.0,0.001744223890491033,0.0,0.0,0.0,0.0,0.0019527729411260946,0.0,0.0,0.0,0.0
2021-09-29 10:55:00,0.0014328273799918633,0.0,0.0,0.0,0.0,0.0013311050502617641,0.0,0.0,0.0,0.0,0.001704362721247321,0.0,0.0,0.0,0.0,0.0015851827768978903,0.0,0.0,0.0,0.0,0.0016271757239598136,0.0,0.0,0.0,0.0,0.0019276605850772437,0.0,0.0,0.0,0.0,0.007376247237904939,0.0,0.0,0.0,0.0,0.0016605159334119434,0.0,0.0,0.0,0.0,0.0016550638306587946,0.0,0.0,0.0,0.0
2021-09-29 10:54:00,0.0013338568099631706,0.0,0.0,0.0,0.0,0.0013431435538464598,0.0,0.0,0.0,0.0,0.0015898746791179973,0.0,0.0,0.0,0.0,0.0015872840323666536,0.0,0.0,0.0,0.0,0.0019044209534968104,0.0,0.0,0.0,0.0,0.001345471792894178,0.0,0.0,0.0,0.0,0.007458166935493674,0.0,0.0,0.0,0.0,0.001601762569628325,0.0,0.0,0.0,0.0,0.0018680775782077793,0.0,0.0,0.0,0.0
2021-09-29 10:53:00,0.0018338126189831883,0.0,0.0,0.0,0.0,0.0015345963147183283,0.0,0.0,0.0,0.0,0.0014788218190896411,0.0,0.0,0.0,0.0,0.0017700354300619855,0.0,0.0,0.0,0.0,0.0017996038828570703,0.0,0.0,0.0,0.0,0.0018888469570455867,0.0,0.0,0.0,0.0,0.007376196511388381,0.0,0.0,0.0,0.0,0.0017403448013936895,0.0,0.0,0.0,0.0,0.20435570082617904,0.0,0.0,0.0,0.0
2021-09-29 10:52:00,0.010161114435533136,0.0,0.0,0.0,0.0,0.005356970432733968,0.0,0.0,0.0,0.0,0.00287518424334318,0.0,0.0,0.0,0.0,0.012509266071156825,0.0,0.0,0.0,0.0,0.0048455525332106696,0.0,0.0,0.0,0.0,0.01280090992579043,0.0,0.0,0.0,0.0,0.023649917553602032,0.0,0.0,0.0,0.0,0.02059654364538043,0.0,0.0,0.0,0.0,0.4145466547313594,0.0,0.0,0.0,0.0
2021-09-29 10:51:00,0.032096383032479046,0.0,0.0,0.0,0.0,0.02247854052951747,0.0,0.0,0.0,0.0,0.01762889940637346,0.0,0.0,0.0,0.0,0.03416376231412291,0.0,0.0,0.0,0.0,0.02381648039237234,0.0,0.0,0.0,0.0,0.04034151808982453,0.0,0.0,0.0,0.0,0.007968479511377306,0.0,0.0,0.0,0.0,0.002828051807386108,0.0,0.0,0.0,0.0,0.18721025793466642,0.0,0.0,0.0,0.0
2021-09-29 10:50:00,0.023779373023331135,0.0,0.0,0.0,0.0,0.036921787276954394,0.0,0.0,0.0,0.0,0.04594873503663024,0.0,0.0,0.0,0.0,0.019625885715162876,0.0,0.0,0.0,0.0,0.04355934151415444,0.0,0.0,0.0,0.0,0.02227615456819573,0.0,0.0,0.0,0.0,0.06885036024439634,0.0,0.0,0.0,0.0,0.07234154562808423,0.0,0.0,0.0,0.0,0.030784226144579444,0.0,0.0,0.0,0.0
2021-09-29 10:49:00,0.0018396297115188531,0.0,0.0,0.0,0.0,0.0015258253687055875,0.0,0.0,0.0,0.0,0.004997538629127973,0.0,0.0,0.0,0.0,0.0033843827289122904,0.0,0.0,0.0,0.0,0.0015473833627278092,0.0,0.0,0.0,0.0,0.0016120308938705344,0.0,0.0,0.0,0.0,0.009209972960203079,0.0,0.0,0.0,0.0,0.004327599702250495,0.0,0.0,0.0,0.0,0.005704809657329216,0.0,0.0,0.0,0.0
2021-09-29 10:48:00,0.0017073367738656012,0.0,0.0,0.0,0.0,0.002540942187025526,0.0,0.0,0.0,0.0,0.0016089253889646216,0.0,0.0,0.0,0.0,0.0015883459507170035,0.0,0.0,0.0,0.0,0.001698425081983146,0.0,0.0,0.0,0.0,0.0018779610779228997,0.0,0.0,0.0,0.0,0.37248215122764444,0.0,0.0,0.0,0.0,0.16863412491354096,0.0,0.0,0.0,0.0,0.010845598608222673,0.0,0.0,0.0,0.0
2021-09-29 10:47:00,0.008993380880361694,0.0,0.0,0.0,0.0,0.007813000680195614,0.0,0.0,0.0,0.0,0.006412554749295888,0.0,0.0,0.0,0.0,0.01072435471915109,0.0,0.0,0.0,0.0,0.0041138537274079566,0.0,0.0,0.0,0.0,0.011663008028468388,0.0,0.0,0.0,0.0,0.6692924460921698,0.0,0.0,0.0,0.0,0.00845289824465188,0.0,0.0,0.0,0.0,0.009598944167747921,0.0,0.0,0.0,0.0
2021-09-29 10:46:00,0.010920749365385517,0.0,0.0,0.0,0.0,0.007719153546304843,0.0,0.0,0.0,0.0,0.011425692441474192,0.0,0.0,0.0,0.0,0.01085571601447318,0.0,0.0,0.0,0.0,0.012661613011415322,0.0,0.0,0.0,0.0,0.008634999500247886,0.0,0.0,0.0,0.0,0.034523422095654156,0.0,0.0,0.0,0.0,0.001783057288627295,0.0,0.0,0.0,0.0,0.006614096840079024,0.0,0.0,0.0,0.0
2021-09-29 10:45:00,0.0034442839944683595,0.0,0.0,0.0,0.0,0.0015413472459907022,0.0,0.0,0.0,0.0,0.0027882917586950383,0.0,0.0,0.0,0.0,0.003991473820866057,0.0,0.0,0.0,0.0,0.002021432222300253,0.0,0.0,0.0,0.0,0.004583302091326402,0.0,0.0,0.0,0.0,0.00760383648374822,0.0,0.0,0.0,0.0,0.009617668421190237,0.0,0.0,0.0,0.0,0.004721802233002137,0.0,0.0,0.0,0.0
2021-09-29 10:44:00,0.0015819245535013237,0.0,0.0,0.0,0.0,0.001413913279757632,0.0,0.0,0.0,0.0,0.0018897173626669427,0.0,0.0,0.0,0.0,0.0017714484810407308,0.0,0.0,0.0,0.0,0.001900114953824546,0.0,0.0,0.0,0.0,0.00330308565114071,0.0,0.0,0.0,0.0,0.007680176416538605,0.0,0.0,0.0,0.0,0.0023020743429100323,0.0,0.0,0.0,0.0,0.010448915934632198,0.0,0.0,0.0,0.0
2021-09-29 10:43:00,0.0020142494965739387,0.0,0.0,0.0,0.0,0.003649196861570658,0.0,0.0,0.0,0.0,0.001574848279502324,0.0,0.0,0.0,0.0,0.0020923198972605896,0.0,0.0,0.0,0.0,0.0038730941165908916,0.0,0.0,0.0,0.0,0.009539078654062413,0.0,0.0,0.0,0.0,0.3930959221191358,0.0,0.0,0.0,0.0,0.1665398268585894,0.0,0.0,0.0,0.0,0.014324366823322995,0.0,0.0,0.0,0.0
2021-09-29 10:42:00,0.00870115475188129,0.0,0.0,0.0,0.0,0.010761157742546363,0.0,0.0,0.0,0.0,0.012529036494433873,0.0,0.0,0.0,0.0,0.010565998548197323,0.0,0.0,0.0,0.0,0.011273704579563079,0.0,0.0,0.0,0.0,0.006643540615444958,0.0,0.0,0.0,0.0,0.1238859805167427,0.0,0.0,0.0,0.0,0.009411054003382446,0.0,0.0,0.0,0.0,0.009028169066538538,0.0,0.0,0.0,0.0
2021-09-29 10:41:00,0.05605635275692388,0.0,0.0,0.0,0.0,0.010185592228734209,0.0,0.0,0.0,0.0,0.0030276844028203223,0.0,0.0,0.0,0.0,0.06725439188104285,0.0,0.0,0.0,0.0,0.01024013358234015,0.0,0.0,0.0,0.0,0.03256340353721328,0.0,0.0,0.0,0.0,0.010820518124721446,0.0,0.0,0.0,0.0,0.009693358382560292,0.0,0.0,0.0,0.0,0.023036750344406207,0.0,0.0,0.0,0.0
2021-09-29 10:40:00,0.049430971449627256,0.0,0.0,0.0,0.0,0.03659668654468504,0.0,0.0,0.0,0.0,0.04483131352167599,0.0,0.0,0.0,0.0,0.039441365466234876,0.0,0.0,0.0,0.0,0.04246507653654703,0.0,0.0,0.0,0.0,0.021787278889487047,0.0,0.0,0.0,0.0,0.06971660625237584,0.0,0.0,0.0,0.0,0.06630181982822213,0.0,0.0,0.0,0.0,0.03179738268039477,0.0,0.0,0.0,0.0
2021-09-29 10:39:00,0.0020333788446620813,0.0,0.0,0.0,0.0,0.0036531718501047784,0.0,0.0,0.0,0.0,0.005931407250433078,0.0,0.0,0.0,0.0,0.0032572672480507474,0.0,0.0,0.0,0.0,0.003258576201346841,0.0,0.0,0.0,0.0,0.00803764275801863,0.0,0.0,0.0,0.0,0.15794847586844107,0.0,0.0,0.0,0.0,0.16862992637614221,0.0,0.0,0.0,0.0,0.011462895758893173,0.0,0.0,0.0,0.0
2021-09-29 10:38:00,0.006642014349990196,0.0,0.0,0.0,0.0,0.009553952840703062,0.0,0.0,0.0,0.0,0.01045835090234893,0.0,0.0,0.0,0.0,0.007662163790719016,0.0,0.0,0.0,0.0,0.010497552389817125,0.0,0.0,0.0,0.0,0.005934420905020943,0.0,0.0,0.0,0.0,0.12527196326560716,0.0,0.0,0.0,0.0,0.008046126264252015,0.0,0.0,0.0,0.0,0.015788403606437386,0.0,0.0,0.0,0.0
2021-09-29 10:37:00,0.006204502017331018,0.0,0.0,0.0,0.0,0.0012354337310460058,0.0,0.0,0.0,0.0,0.002243296130939143,0.0,0.0,0.0,0.0,0.007365353753216652,0.0,0.0,0.0,0.0,0.001737951198777902,0.0,0.0,0.0,0.0,0.0016929097989887508,0.0,0.0,0.0,0.0,0.010801448835501996,0.0,0.0,0.0,0.0,0.010029105179092805,0.0,0.0,0.0,0.0,0.0024152086598171253,0.0,0.0,0.0,0.0
2021-09-29 10:36:00,0.0015644441233021666,0.0,0.0,0.0,0.0,0.0013788180442422988,0.0,0.0,0.0,0.0,0.0018614384664289217,0.0,0.0,0.0,0.0,0.0030164211884008787,0.0,0.0,0.0,0.0,0.0017357354337633522,0.0,0.0,0.0,0.0,0.0019493459592951012,0.0,0.0,0.0,0.0,0.008453537852895938,0.0,0.0,0.0,0.0,0.002315728367677631,0.0,0.0,0.0,0.0,0.0024791678343288955,0.0,0.0,0.0,0.0
2021-09-29 10:35:00,0.005634283231348528,0.0,0.0,0.0,0.0,0.002973600856343713,0.0,0.0,0.0,0.0,0.009132896056334517,0.0,0.0,0.0,0.0,0.006703378024988637,0.0,0.0,0.0,0.0,0.003206595108221677,0.0,0.0,0.0,0.0,0.006994139052357676,0.0,0.0,0.0,0.0,0.04854484437859886,0.0,0.0,0.0,0.0,0.16798577878914975,0.0,0.0,0.0,0.0,0.011086738624630025,0.0,0.0,0.0,0.0
2021-09-29 10:34:00,0.005540315117068435,0.0,0.0,0.0,0.0,0.007496800766216438,0.0,0.0,0.0,0.0,0.0025635373407335276,0.0,0.0,0.0,0.0,0.004492130455904923,0.0,0.0,0.0,0.0,0.008352863849712833,0.0,0.0,0.0,0.0,0.005339774616713081,0.0,0.0,0.0,0.0,0.010170331174165407,0.0,0.0,0.0,0.0,0.008400632638145566,0.0,0.0,0.0,0.0,0.015657337662491482,0.0,0.0,0.0,0.0
2021-09-29 10:33:00,0.0018339943370411522,0.0,0.0,0.0,0.0,0.0015156155422995235,0.0,0.0,0.0,0.0,0.0016704499442748025,0.0,0.0,0.0,0.0,0.0018962805813217186,0.0,0.0,0.0,0.0,0.0017252335315490086,0.0,0.0,0.0,0.0,0.002176566175823306,0.0,0.0,0.0,0.0,0.007537660669572214,0.0,0.0,0.0,0.0,0.009599493537063115,0.0,0.0,0.0,0.0,0.0029837628723617133,0.0,0.0,0.0,0.0
2021-09-29 10:32:00,0.0018856751200521178,0.0,0.0,0.0,0.0,0.0019642598303349244,0.0,0.0,0.0,0.0,0.0022109100791107986,0.0,0.0,0.0,0.0,0.0018926199347987448,0.0,0.0,0.0,0.0,0.002374882102577184,0.0,0.0,0.0,0.0,0.0018228261222991667,0.0,0.0,0.0,0.0,0.008048543993578506,0.0,0.0,0.0,0.0,0.002438309397337927,0.0,0.0,0.0,0.0,0.0056799968536819755,0.0,0.0,0.0,0.0
2021-09-29 10:31:00,0.02450109891705523,0.0,0.0,0.0,0.0,0.009880046868009154,0.0,0.0,0.0,0.0,0.0021885052183667616,0.0,0.0,0.0,0.0,0.02922724495757052,0.0,0.0,0.0,0.0,0.011155239216502365,0.0,0.0,0.0,0.0,0.03264863233731745,0.0,0.0,0.0,0.0,0.025026032278610916,0.0,0.0,0.0,0.0,0.7520019279188754,0.0,0.0,0.0,0.0,0.03217714676379396,0.0,0.0,0.0,0.0
2021-09-29 10:30:00,0.024629706599415612,0.0,0.0,0.0,0.0,0.03692044783627229,0.0,0.0,0.0,0.0,0.045694437278899616,0.0,0.0,0.0,0.0,0.01984642976144452,0.0,0.0,0.0,0.0,0.04485462987803051,0.0,0.0,0.0,0.0,0.021748063177428396,0.0,0.0,0.0,0.0,0.09290947036647926,0.0,0.0,0.0,0.0,0.9596761855739596,0.0,0.0,0.0,0.0,0.04584167795495719,0.0,0.0,0.0,0.0
2021-09-29 10:29:00,0.0019564926095550087,0.0,0.0,0.0,0.0,0.004492648236994985,0.0,0.0,0.0,0.0,0.00605647330338807,0.0,0.0,0.0,0.0,0.00289365091520087,0.0,0.0,0.0,0.0,0.0014679569022078454,0.0,0.0,0.0,0.0,0.0016698640115905049,0.0,0.0,0.0,0.0,0.6699211333842825,0.0,0.0,0.0,0.0,0.3317984759291126,0.0,0.0,0.0,0.0,0.010935207904209557,0.0,0.0,0.0,0.0
2021-09-29 10:28:00,0.00905949689270121,0.0,0.0,0.0,0.0,0.01322949725283422,0.0,0.0,0.0,0.0,0.015840156907870075,0.0,0.0,0.0,0.0,0.010165522782365126,0.0,0.0,0.0,0.0,0.0037648088966615017,0.0,0.0,0.0,0.0,0.01164650875569985,0.0,0.0,0.0,0.0,0.3329912646418431,0.0,0.0,0.0,0.0,0.01334459092669107,0.0,0.0,0.0,0.0,0.005194066722503621,0.0,0.0,0.0,0.0
2021-09-29 10:27:00,0.008747809466794366,0.0,0.0,0.0,0.0,0.0019595332021282276,0.0,0.0,0.0,0.0,0.0027678184338848647,0.0,0.0,0.0,0.0,0.0066660560252060465,0.0,0.0,0.0,0.0,0.012199503216963592,0.0,0.0,0.0,0.0,0.008126818459743864,0.0,0.0,0.0,0.0,0.01805331001189264,0.0,0.0,0.0,0.0,0.0015097627773125548,0.0,0.0,0.0,0.0,0.004923731846476898,0.0,0.0,0.0,0.0
2021-09-29 10:26:00,0.001612148656005748,0.0,0.0,0.0,0.0,0.004181258829449537,0.0,0.0,0.0,0.0,0.0016475663335981494,0.0,0.0,0.0,0.0,0.001684738284064243,0.0,0.0,0.0,0.0,0.0018014144100362728,0.0,0.0,0.0,0.0,0.0018868243444259746,0.0,0.0,0.0,0.0,0.007521774954539259,0.0,0.0,0.0,0.0,0.009593114015405035,0.0,0.0,0.0,0.0,0.0027509919495065796,0.0,0.0,0.0,0.0
2021-09-29 10:25:00,0.0016639192507942842,0.0,0.0,0.0,0.0,0.0015314820262185929,0.0,0.0,0.0,0.0,0.0018945903681365432,0.0,0.0,0.0,0.0,0.0017749055077094528,0.0,0.0,0.0,0.0,0.0018424359767469885,0.0,0.0,0.0,0.0,0.002082313397361209,0.0,0.0,0.0,0.0,0.007429992661122261,0.0,0.0,0.0,0.0,0.0022598735154441365,0.0,0.0,0.0,0.0,0.006861488576227377,0.0,0.0,0.0,0.0
2021-09-29 10:24:00,0.0015797471652376771,0.0,0.0,0.0,0.0,0.003624532082650944,0.0,0.0,0.0,0.0,0.0019621839148712184,0.0,0.0,0.0,0.0,0.0016558803160326837,0.0,0.0,0.0,0.0,0.0019649994839047243,0.0,0.0,0.0,0.0,0.0023417738281755382,0.0,0.0,0.0,0.0,0.029317421024037078,0.0,0.0,0.0,0.0,0.8914745962872104,0.0,0.0,0.0,0.0,0.01359778014535517,0.0,0.0,0.0,0.0
2021-09-29 10:23:00,0.007504654277202386,0.0,0.0,0.0,0.0,0.0103143052875789,0.0,0.0,0.0,0.0,0.011895286052585163,0.0,0.0,0.0,0.0,0.009086808747528133,0.0,0.0,0.0,0.0,0.00403201205331385,0.0,0.0,0.0,0.0,0.010153054278615533,0.0,0.0,0.0,0.0,0.46632074297764275,0.0,0.0,0.0,0.0,0.1375118672017654,0.0,0.0,0.0,0.0,0.011926392418061127,0.0,0.0,0.0,0.0
2021-09-29 10:22:00,0.007577204250790714,0.0,0.0,0.0,0.0,0.0021025253759717087,0.0,0.0,0.0,0.0,0.003228607677997767,0.0,0.0,0.0,0.0,0.006115578797608615,0.0,0.0,0.0,0.0,0.012669215701147606,0.0,0.0,0.0,0.0,0.006838106135392745,0.0,0.0,0.0,0.0,0.025080191441527924,0.0,0.0,0.0,0.0,0.006427446181189585,0.0,0.0,0.0,0.0,0.006502883817337709,0.0,0.0,0.0,0.0
2021-09-29 10:21:00,0.023889860105941334,0.0,0.0,0.0,0.0,0.010067042361292522,0.0,0.0,0.0,0.0,0.0022612347400842244,0.0,0.0,0.0,0.0,0.030207884705851028,0.0,0.0,0.0,0.0,0.011293872362077668,0.0,0.0,0.0,0.0,0.03204867257849363,0.0,0.0,0.0,0.0,0.007676439063322012,0.0,0.0,0.0,0.0,0.010411539918535103,0.0,0.0,0.0,0.0,0.0434407337592648,0.0,0.0,0.0,0.0
2021-09-29 10:20:00,0.02730759898247612,0.0,0.0,0.0,0.0,0.03654400545304715,0.0,0.0,0.0,0.0,0.04578529375601145,0.0,0.0,0.0,0.0,0.0201491744677431,0.0,0.0,0.0,0.0,0.046536465110614246,0.0,0.0,0.0,0.0,0.021517932412614963,0.0,0.0,0.0,0.0,0.06952048524748662,0.0,0.0,0.0,0.0,0.06686676805727056,0.0,0.0,0.0,0.0,0.06486034532268263,0.0,0.0,0.0,0.0
2021-09-29 10:19:00,0.009957863696179459,0.0,0.0,0.0,0.0,0.0035441739856215313,0.0,0.0,0.0,0.0,0.005953142662967537,0.0,0.0,0.0,0.0,0.003342963687653366,0.0,0.0,0.0,0.0,0.0034914790745148136,0.0,0.0,0.0,0.0,0.008688691257522408,0.0,0.0,0.0,0.0,0.22846797028020896,0.0,0.0,0.0,0.0,0.598943103070232,0.0,0.0,0.0,0.0,0.01387890821401143,0.0,0.0,0.0,0.0
2021-09-29 10:18:00,0.006752482877421547,0.0,0.0,0.0,0.0,0.009233359069965748,0.0,0.0,0.0,0.0,0.010710033905081198,0.0,0.0,0.0,0.0,0.007305399991217598,0.0,0.0,0.0,0.0,0.009597207405410776,0.0,0.0,0.0,0.0,0.006188839680647125,0.0,0.0,0.0,0.0,0.05337212941323225,0.0,0.0,0.0,0.0,0.02544147174667278,0.0,0.0,0.0,0.0,0.014841422109624365,0.0,0.0,0.0,0.0
2021-09-29 10:17:00,0.0015518612765390571,0.0,0.0,0.0,0.0,0.001390352193832219,0.0,0.0,0.0,0.0,0.002207527688629322,0.0,0.0,0.0,0.0,0.0047545058853112705,0.0,0.0,0.0,0.0,0.0016123942788155432,0.0,0.0,0.0,0.0,0.0015624200254578113,0.0,0.0,0.0,0.0,0.008632115068331813,0.0,0.0,0.0,0.0,0.010021688371933143,0.0,0.0,0.0,0.0,0.010206419891001062,0.0,0.0,0.0,0.0
2021-09-29 10:16:00,0.0018321318189118566,0.0,0.0,0.0,0.0,0.0015442895481783125,0.0,0.0,0.0,0.0,0.005063510289397754,0.0,0.0,0.0,0.0,0.0017206119634896784,0.0,0.0,0.0,0.0,0.0017470484393508439,0.0,0.0,0.0,0.0,0.0018441780655625924,0.0,0.0,0.0,0.0,0.007910169723633231,0.0,0.0,0.0,0.0,0.002134121806385991,0.0,0.0,0.0,0.0,0.003953178876382305,0.0,0.0,0.0,0.0
2021-09-29 10:15:00,0.005775286208599084,0.0,0.0,0.0,0.0,0.003394312234226504,0.0,0.0,0.0,0.0,0.010019330181153899,0.0,0.0,0.0,0.0,0.0069639217456241905,0.0,0.0,0.0,0.0,0.0034621318115403217,0.0,0.0,0.0,0.0,0.007265451269098359,0.0,0.0,0.0,0.0,0.04854790516200727,0.0,0.0,0.0,0.0,0.2190735242673893,0.0,0.0,0.0,0.0,0.010768699476551546,0.0,0.0,0.0,0.0
2021-09-29 10:14:00,0.0054926778454169305,0.0,0.0,0.0,0.0,0.0077559461441358245,0.0,0.0,0.0,0.0,0.00229939527487204,0.0,0.0,0.0,0.0,0.004693838932046882,0.0,0.0,0.0,0.0,0.00834643366022334,0.0,0.0,0.0,0.0,0.005159778295597069,0.0,0.0,0.0,0.0,0.00988524062289784,0.0,0.0,0.0,0.0,0.01050095823460732,0.0,0.0,0.0,0.0,0.01096303216775342,0.0,0.0,0.0,0.0
2021-09-29 10:13:00,0.0019482311856108935,0.0,0.0,0.0,0.0,0.0014656077977771057,0.0,0.0,0.0,0.0,0.0014914759777568064,0.0,0.0,0.0,0.0,0.002032355405425316,0.0,0.0,0.0,0.0,0.0016938028201143613,0.0,0.0,0.0,0.0,0.0021018612414839782,0.0,0.0,0.0,0.0,0.007702030482668694,0.0,0.0,0.0,0.0,0.010694739201370377,0.0,0.0,0.0,0.0,0.0030270992217804604,0.0,0.0,0.0,0.0
2021-09-29 10:12:00,0.013092281578428337,0.0,0.0,0.0,0.0,0.005918487409944835,0.0,0.0,0.0,0.0,0.0020714372294709923,0.0,0.0,0.0,0.0,0.0019470773470179855,0.0,0.0,0.0,0.0,0.006800074155984721,0.0,0.0,0.0,0.0,0.01767876726758241,0.0,0.0,0.0,0.0,0.008109739927428687,0.0,0.0,0.0,0.0,0.0029742029216852945,0.0,0.0,0.0,0.0,0.0051588317133347775,0.0,0.0,0.0,0.0
2021-09-29 10:11:00,0.034868626389378224,0.0,0.0,0.0,0.0,0.027203879754089635,0.0,0.0,0.0,0.0,0.023317263904142276,0.0,0.0,0.0,0.0,0.04498590149687468,0.0,0.0,0.0,0.0,0.03201299893254609,0.0,0.0,0.0,0.0,0.04355519539169421,0.0,0.0,0.0,0.0,0.02926508599474644,0.0,0.0,0.0,0.0,0.02441856898652759,0.0,0.0,0.0,0.0,0.15379859098327392,0.0,0.0,0.0,0.0
2021-09-29 10:10:00,0.02390482966266584,0.0,0.0,0.0,0.0,0.03746848402072705,0.0,0.0,0.0,0.0,0.04641384056135086,0.0,0.0,0.0,0.0,0.02802815176779537,0.0,0.0,0.0,0.0,0.042700617773263616,0.0,0.0,0.0,0.0,0.022267310522724414,0.0,0.0,0.0,0.0,0.06973120443267267,0.0,0.0,0.0,0.0,0.06691644300525112,0.0,0.0,0.0,0.0,0.23727999455665363,0.0,0.0,0.0,0.0
2021-09-29 10:09:00,0.0017523245505979427,0.0,0.0,0.0,0.0,0.001643322759014154,0.0,0.0,0.0,0.0,0.005591213521834486,0.0,0.0,0.0,0.0,0.0025896315940556747,0.0,0.0,0.0,0.0,0.0018571035122927051,0.0,0.0,0.0,0.0,0.0019445870602164443,0.0,0.0,0.0,0.0,0.00974497749888575,0.0,0.0,0.0,0.0,0.004936838935539356,0.0,0.0,0.0,0.0,0.034673014211188874,0.0,0.0,0.0,0.0
2021-09-29 10:08:00,0.0015914099297826094,0.0,0.0,0.0,0.0,0.0016330028483783584,0.0,0.0,0.0,0.0,0.0014448992332428171,0.0,0.0,0.0,0.0,0.0016535961715376855,0.0,0.0,0.0,0.0,0.0018241754378550466,0.0,0.0,0.0,0.0,0.0017054760723884971,0.0,0.0,0.0,0.0,0.006981421289854239,0.0,0.0,0.0,0.0,0.0014726227449810853,0.0,0.0,0.0,0.0,0.002461655143013826,0.0,0.0,0.0,0.0
2021-09-29 10:07:00,0.0013296705290599675,0.0,0.0,0.0,0.0,0.0012119679282008634,0.0,0.0,0.0,0.0,0.0013070730975909346,0.0,0.0,0.0,0.0,0.0014065312845408092,0.0,0.0,0.0,0.0,0.001381447253155462,0.0,0.0,0.0,0.0,0.0016096648246393859,0.0,0.0,0.0,0.0,0.007356541925020821,0.0,0.0,0.0,0.0,0.001498585839730282,0.0,0.0,0.0,0.0,0.0018913894547738508,0.0,0.0,0.0,0.0
2021-09-29 10:06:00,0.001355459980053316,0.0,0.0,0.0,0.0,0.0014034894426240877,0.0,0.0,0.0,0.0,0.0015826381812599284,0.0,0.0,0.0,0.0,0.0014742959388371446,0.0,0.0,0.0,0.0,0.0016701749985666462,0.0,0.0,0.0,0.0,0.0015139180831610587,0.0,0.0,0.0,0.0,0.007170287697817912,0.0,0.0,0.0,0.0,0.0014410774278864834,0.0,0.0,0.0,0.0,0.0020442085039443707,0.0,0.0,0.0,0.0
